Country,Category,DateTime,Value,Frequency,HistoricalDataSymbol,LastUpdate
United States,Unemployed Persons,1948-01-31T00:00:00,2034,Monthly,UNITEDSTAUNEPER,2020-01-10T14:02:00
United States,Unemployed Persons,1948-02-28T00:00:00,2328,Monthly,UNITEDSTAUNEPER,2020-01-10T14:02:00
United States,Unemployed Persons,1948-03-31T00:00:00,2399,Monthly,UNITEDSTAUNEPER,2020-01-10T14:02:00
United States,Unemployed Persons,1948-04-30T00:00:00,2386,Monthly,UNITEDSTAUNEPER,2020-01-10T14:02:00
United States,Unemployed Persons,1948-05-31T00:00:00,2118,Monthly,UNITEDSTAUNEPER,2020-01-10T14:02:00
United States,Unemployed Persons,1948-06-30T00:00:00,2214,Monthly,UNITEDSTAUNEPER,2020-01-10T14:02:00
United States,Unemployed Persons,1948-07-31T00:00:00,2213,Monthly,UNITEDSTAUNEPER,2020-01-10T14:02:00
United States,Unemployed Persons,1948-08-31T00:00:00,2350,Monthly,UNITEDSTAUNEPER,2020-01-10T14:02:00
United States,Unemployed Persons,1948-09-30T00:00:00,2302,Monthly,UNITEDSTAUNEPER,2020-01-10T14:02:00
United States,Unemployed Persons,1948-10-31T00:00:00,2259,Monthly,UNITEDSTAUNEPER,2020-01-10T14:02:00
United States,Unemployed Persons,1948-11-30T00:00:00,2285,Monthly,UNITEDSTAUNEPER,2020-01-10T14:02:00
United States,Unemployed Persons,1948-12-31T00:00:00,2429,Monthly,UNITEDSTAUNEPER,2020-01-10T14:02:00
United States,Unemployed Persons,1949-01-31T00:00:00,2596,Monthly,UNITEDSTAUNEPER,2020-01-10T14:02:00
United States,Unemployed Persons,1949-02-28T00:00:00,2849,Monthly,UNITEDSTAUNEPER,2020-01-10T14:02:00
United States,Unemployed Persons,1949-03-31T00:00:00,3030,Monthly,UNITEDSTAUNEPER,2020-01-10T14:02:00
United States,Unemployed Persons,1949-04-30T00:00:00,3260,Monthly,UNITEDSTAUNEPER,2020-01-10T14:02:00
United States,Unemployed Persons,1949-05-31T00:00:00,3707,Monthly,UNITEDSTAUNEPER,2020-01-10T14:02:00
United States,Unemployed Persons,1949-06-30T00:00:00,3776,Monthly,UNITEDSTAUNEPER,2020-01-10T14:02:00
United States,Unemployed Persons,1949-07-31T00:00:00,4111,Monthly,UNITEDSTAUNEPER,2020-01-10T14:02:00
United States,Unemployed Persons,1949-08-31T00:00:00,4193,Monthly,UNITEDSTAUNEPER,2020-01-10T14:02:00
United States,Unemployed Persons,1949-09-30T00:00:00,4049,Monthly,UNITEDSTAUNEPER,2020-01-10T14:02:00
United States,Unemployed Persons,1949-10-31T00:00:00,4916,Monthly,UNITEDSTAUNEPER,2020-01-10T14:02:00
United States,Unemployed Persons,1949-11-30T00:00:00,3996,Monthly,UNITEDSTAUNEPER,2020-01-10T14:02:00
United States,Unemployed Persons,1949-12-31T00:00:00,4063,Monthly,UNITEDSTAUNEPER,2020-01-10T14:02:00
United States,Unemployed Persons,1950-01-31T00:00:00,4026,Monthly,UNITEDSTAUNEPER,2015-04-25T21:39:00
United States,Unemployed Persons,1950-02-28T00:00:00,3936,Monthly,UNITEDSTAUNEPER,2013-11-08T14:13:00
United States,Unemployed Persons,1950-03-31T00:00:00,3876,Monthly,UNITEDSTAUNEPER,2013-11-08T14:13:00
United States,Unemployed Persons,1950-04-30T00:00:00,3575,Monthly,UNITEDSTAUNEPER,2015-04-25T21:39:00
United States,Unemployed Persons,1950-05-31T00:00:00,3434,Monthly,UNITEDSTAUNEPER,2013-11-08T14:13:00
United States,Unemployed Persons,1950-06-30T00:00:00,3367,Monthly,UNITEDSTAUNEPER,2013-11-08T14:13:00
United States,Unemployed Persons,1950-07-31T00:00:00,3120,Monthly,UNITEDSTAUNEPER,2015-04-25T21:39:00
United States,Unemployed Persons,1950-08-31T00:00:00,2799,Monthly,UNITEDSTAUNEPER,2013-11-08T14:13:00
United States,Unemployed Persons,1950-09-30T00:00:00,2774,Monthly,UNITEDSTAUNEPER,2013-11-08T14:13:00
United States,Unemployed Persons,1950-10-31T00:00:00,2625,Monthly,UNITEDSTAUNEPER,2015-04-25T21:39:00
United States,Unemployed Persons,1950-11-30T00:00:00,2589,Monthly,UNITEDSTAUNEPER,2013-11-08T14:13:00
United States,Unemployed Persons,1950-12-31T00:00:00,2639,Monthly,UNITEDSTAUNEPER,2013-11-08T14:13:00
United States,Unemployed Persons,1951-01-31T00:00:00,2305,Monthly,UNITEDSTAUNEPER,2013-11-08T14:13:00
United States,Unemployed Persons,1951-02-28T00:00:00,2117,Monthly,UNITEDSTAUNEPER,2013-11-08T14:13:00
United States,Unemployed Persons,1951-03-31T00:00:00,2125,Monthly,UNITEDSTAUNEPER,2013-11-08T14:13:00
United States,Unemployed Persons,1951-04-30T00:00:00,1919,Monthly,UNITEDSTAUNEPER,2015-04-25T21:39:00
United States,Unemployed Persons,1951-05-31T00:00:00,1856,Monthly,UNITEDSTAUNEPER,2013-11-08T14:13:00
United States,Unemployed Persons,1951-06-30T00:00:00,1995,Monthly,UNITEDSTAUNEPER,2013-11-08T14:13:00
United States,Unemployed Persons,1951-07-31T00:00:00,1950,Monthly,UNITEDSTAUNEPER,2015-04-25T21:39:00
United States,Unemployed Persons,1951-08-31T00:00:00,1933,Monthly,UNITEDSTAUNEPER,2013-11-08T14:13:00
United States,Unemployed Persons,1951-09-30T00:00:00,2067,Monthly,UNITEDSTAUNEPER,2015-04-25T21:39:00
United States,Unemployed Persons,1951-10-31T00:00:00,2194,Monthly,UNITEDSTAUNEPER,2013-11-08T14:13:00
United States,Unemployed Persons,1951-11-30T00:00:00,2178,Monthly,UNITEDSTAUNEPER,2013-11-08T14:13:00
United States,Unemployed Persons,1951-12-31T00:00:00,1960,Monthly,UNITEDSTAUNEPER,2015-04-25T21:39:00
United States,Unemployed Persons,1952-01-31T00:00:00,1972,Monthly,UNITEDSTAUNEPER,2013-11-08T14:13:00
United States,Unemployed Persons,1952-02-29T00:00:00,1957,Monthly,UNITEDSTAUNEPER,2013-11-08T14:13:00
United States,Unemployed Persons,1952-03-31T00:00:00,1813,Monthly,UNITEDSTAUNEPER,2015-04-25T21:39:00
United States,Unemployed Persons,1952-04-30T00:00:00,1811,Monthly,UNITEDSTAUNEPER,2013-11-08T14:13:00
United States,Unemployed Persons,1952-05-31T00:00:00,1863,Monthly,UNITEDSTAUNEPER,2013-11-08T14:13:00
United States,Unemployed Persons,1952-06-30T00:00:00,1884,Monthly,UNITEDSTAUNEPER,2015-04-25T21:39:00
United States,Unemployed Persons,1952-07-31T00:00:00,1991,Monthly,UNITEDSTAUNEPER,2013-11-08T14:13:00
United States,Unemployed Persons,1952-08-31T00:00:00,2087,Monthly,UNITEDSTAUNEPER,2013-11-08T14:13:00
United States,Unemployed Persons,1952-09-30T00:00:00,1936,Monthly,UNITEDSTAUNEPER,2013-11-08T14:13:00
United States,Unemployed Persons,1952-10-31T00:00:00,1839,Monthly,UNITEDSTAUNEPER,2013-11-08T14:13:00
United States,Unemployed Persons,1952-11-30T00:00:00,1743,Monthly,UNITEDSTAUNEPER,2015-04-25T21:39:00
United States,Unemployed Persons,1952-12-31T00:00:00,1667,Monthly,UNITEDSTAUNEPER,2013-11-08T14:13:00
United States,Unemployed Persons,1953-01-31T00:00:00,1839,Monthly,UNITEDSTAUNEPER,2013-11-08T14:13:00
United States,Unemployed Persons,1953-02-28T00:00:00,1636,Monthly,UNITEDSTAUNEPER,2015-04-25T21:39:00
United States,Unemployed Persons,1953-03-31T00:00:00,1647,Monthly,UNITEDSTAUNEPER,2015-04-25T21:39:00
United States,Unemployed Persons,1953-04-30T00:00:00,1723,Monthly,UNITEDSTAUNEPER,2013-11-08T14:13:00
United States,Unemployed Persons,1953-05-31T00:00:00,1596,Monthly,UNITEDSTAUNEPER,2013-11-08T14:13:00
United States,Unemployed Persons,1953-06-30T00:00:00,1607,Monthly,UNITEDSTAUNEPER,2013-11-08T14:13:00
United States,Unemployed Persons,1953-07-31T00:00:00,1660,Monthly,UNITEDSTAUNEPER,2013-11-08T14:13:00
United States,Unemployed Persons,1953-08-31T00:00:00,1665,Monthly,UNITEDSTAUNEPER,2015-04-25T21:39:00
United States,Unemployed Persons,1953-09-30T00:00:00,1821,Monthly,UNITEDSTAUNEPER,2013-11-08T14:13:00
United States,Unemployed Persons,1953-10-31T00:00:00,1974,Monthly,UNITEDSTAUNEPER,2013-11-08T14:13:00
United States,Unemployed Persons,1953-11-30T00:00:00,2211,Monthly,UNITEDSTAUNEPER,2015-04-25T21:39:00
United States,Unemployed Persons,1953-12-31T00:00:00,2818,Monthly,UNITEDSTAUNEPER,2013-11-08T14:13:00
United States,Unemployed Persons,1954-01-31T00:00:00,3077,Monthly,UNITEDSTAUNEPER,2013-11-08T14:13:00
United States,Unemployed Persons,1954-02-28T00:00:00,3331,Monthly,UNITEDSTAUNEPER,2013-11-08T14:13:00
United States,Unemployed Persons,1954-03-31T00:00:00,3607,Monthly,UNITEDSTAUNEPER,2013-11-08T14:13:00
United States,Unemployed Persons,1954-04-30T00:00:00,3749,Monthly,UNITEDSTAUNEPER,2013-11-08T14:13:00
United States,Unemployed Persons,1954-05-31T00:00:00,3767,Monthly,UNITEDSTAUNEPER,2015-04-25T21:39:00
United States,Unemployed Persons,1954-06-30T00:00:00,3551,Monthly,UNITEDSTAUNEPER,2013-11-08T14:13:00
United States,Unemployed Persons,1954-07-31T00:00:00,3659,Monthly,UNITEDSTAUNEPER,2013-11-08T14:13:00
United States,Unemployed Persons,1954-08-31T00:00:00,3854,Monthly,UNITEDSTAUNEPER,2015-04-25T21:39:00
United States,Unemployed Persons,1954-09-30T00:00:00,3927,Monthly,UNITEDSTAUNEPER,2013-11-08T14:13:00
United States,Unemployed Persons,1954-10-31T00:00:00,3666,Monthly,UNITEDSTAUNEPER,2013-11-08T14:13:00
United States,Unemployed Persons,1954-11-30T00:00:00,3402,Monthly,UNITEDSTAUNEPER,2013-11-08T14:13:00
United States,Unemployed Persons,1954-12-31T00:00:00,3196,Monthly,UNITEDSTAUNEPER,2013-11-08T14:13:00
United States,Unemployed Persons,1955-01-31T00:00:00,3157,Monthly,UNITEDSTAUNEPER,2015-04-25T21:39:00
United States,Unemployed Persons,1955-02-28T00:00:00,2969,Monthly,UNITEDSTAUNEPER,2013-11-08T14:13:00
United States,Unemployed Persons,1955-03-31T00:00:00,2918,Monthly,UNITEDSTAUNEPER,2013-11-08T14:13:00
United States,Unemployed Persons,1955-04-30T00:00:00,3049,Monthly,UNITEDSTAUNEPER,2013-11-08T14:13:00
United States,Unemployed Persons,1955-05-31T00:00:00,2747,Monthly,UNITEDSTAUNEPER,2015-04-25T21:39:00
United States,Unemployed Persons,1955-06-30T00:00:00,2701,Monthly,UNITEDSTAUNEPER,2013-11-08T14:13:00
United States,Unemployed Persons,1955-07-31T00:00:00,2632,Monthly,UNITEDSTAUNEPER,2013-11-08T14:13:00
United States,Unemployed Persons,1955-08-31T00:00:00,2784,Monthly,UNITEDSTAUNEPER,2013-11-08T14:13:00
United States,Unemployed Persons,1955-09-30T00:00:00,2678,Monthly,UNITEDSTAUNEPER,2013-11-08T14:13:00
United States,Unemployed Persons,1955-10-31T00:00:00,2830,Monthly,UNITEDSTAUNEPER,2015-04-25T21:39:00
United States,Unemployed Persons,1955-11-30T00:00:00,2780,Monthly,UNITEDSTAUNEPER,2013-11-08T14:13:00
United States,Unemployed Persons,1955-12-31T00:00:00,2761,Monthly,UNITEDSTAUNEPER,2013-11-08T14:13:00
United States,Unemployed Persons,1956-01-31T00:00:00,2666,Monthly,UNITEDSTAUNEPER,2015-04-25T21:39:00
United States,Unemployed Persons,1956-02-29T00:00:00,2606,Monthly,UNITEDSTAUNEPER,2013-11-08T14:13:00
United States,Unemployed Persons,1956-03-31T00:00:00,2764,Monthly,UNITEDSTAUNEPER,2013-11-08T14:13:00
United States,Unemployed Persons,1956-04-30T00:00:00,2650,Monthly,UNITEDSTAUNEPER,2015-04-25T21:39:00
United States,Unemployed Persons,1956-05-31T00:00:00,2861,Monthly,UNITEDSTAUNEPER,2013-11-08T14:13:00
United States,Unemployed Persons,1956-06-30T00:00:00,2882,Monthly,UNITEDSTAUNEPER,2013-11-08T14:13:00
United States,Unemployed Persons,1956-07-31T00:00:00,2952,Monthly,UNITEDSTAUNEPER,2015-04-25T21:39:00
United States,Unemployed Persons,1956-08-31T00:00:00,2701,Monthly,UNITEDSTAUNEPER,2013-11-08T14:13:00
United States,Unemployed Persons,1956-09-30T00:00:00,2635,Monthly,UNITEDSTAUNEPER,2015-04-25T21:39:00
United States,Unemployed Persons,1956-10-31T00:00:00,2571,Monthly,UNITEDSTAUNEPER,2013-11-08T14:13:00
United States,Unemployed Persons,1956-11-30T00:00:00,2861,Monthly,UNITEDSTAUNEPER,2013-11-08T14:13:00
United States,Unemployed Persons,1956-12-31T00:00:00,2790,Monthly,UNITEDSTAUNEPER,2015-04-25T21:39:00
United States,Unemployed Persons,1957-01-31T00:00:00,2796,Monthly,UNITEDSTAUNEPER,2013-11-08T14:13:00
United States,Unemployed Persons,1957-02-28T00:00:00,2622,Monthly,UNITEDSTAUNEPER,2013-11-08T14:13:00
United States,Unemployed Persons,1957-03-31T00:00:00,2509,Monthly,UNITEDSTAUNEPER,2013-11-08T14:13:00
United States,Unemployed Persons,1957-04-30T00:00:00,2600,Monthly,UNITEDSTAUNEPER,2013-11-08T14:13:00
United States,Unemployed Persons,1957-05-31T00:00:00,2710,Monthly,UNITEDSTAUNEPER,2013-11-08T14:13:00
United States,Unemployed Persons,1957-06-30T00:00:00,2856,Monthly,UNITEDSTAUNEPER,2015-04-25T21:39:00
United States,Unemployed Persons,1957-07-31T00:00:00,2796,Monthly,UNITEDSTAUNEPER,2013-11-08T14:13:00
United States,Unemployed Persons,1957-08-31T00:00:00,2747,Monthly,UNITEDSTAUNEPER,2013-11-08T14:13:00
United States,Unemployed Persons,1957-09-30T00:00:00,2943,Monthly,UNITEDSTAUNEPER,2015-04-25T21:39:00
United States,Unemployed Persons,1957-10-31T00:00:00,3020,Monthly,UNITEDSTAUNEPER,2013-11-08T14:13:00
United States,Unemployed Persons,1957-11-30T00:00:00,3454,Monthly,UNITEDSTAUNEPER,2013-11-08T14:13:00
United States,Unemployed Persons,1957-12-31T00:00:00,3476,Monthly,UNITEDSTAUNEPER,2015-04-25T21:39:00
United States,Unemployed Persons,1958-01-31T00:00:00,3875,Monthly,UNITEDSTAUNEPER,2013-11-08T14:13:00
United States,Unemployed Persons,1958-02-28T00:00:00,4303,Monthly,UNITEDSTAUNEPER,2015-04-25T21:39:00
United States,Unemployed Persons,1958-03-31T00:00:00,4492,Monthly,UNITEDSTAUNEPER,2015-04-25T21:39:00
United States,Unemployed Persons,1958-04-30T00:00:00,5016,Monthly,UNITEDSTAUNEPER,2013-11-08T14:13:00
United States,Unemployed Persons,1958-05-31T00:00:00,5021,Monthly,UNITEDSTAUNEPER,2013-11-08T14:13:00
United States,Unemployed Persons,1958-06-30T00:00:00,4944,Monthly,UNITEDSTAUNEPER,2015-04-25T21:39:00
United States,Unemployed Persons,1958-07-31T00:00:00,5079,Monthly,UNITEDSTAUNEPER,2013-11-08T14:13:00
United States,Unemployed Persons,1958-08-31T00:00:00,5025,Monthly,UNITEDSTAUNEPER,2013-11-08T14:13:00
United States,Unemployed Persons,1958-09-30T00:00:00,4821,Monthly,UNITEDSTAUNEPER,2013-11-08T14:13:00
United States,Unemployed Persons,1958-10-31T00:00:00,4570,Monthly,UNITEDSTAUNEPER,2013-11-08T14:13:00
United States,Unemployed Persons,1958-11-30T00:00:00,4188,Monthly,UNITEDSTAUNEPER,2015-04-25T21:39:00
United States,Unemployed Persons,1958-12-31T00:00:00,4191,Monthly,UNITEDSTAUNEPER,2013-11-08T14:13:00
United States,Unemployed Persons,1959-01-31T00:00:00,4068,Monthly,UNITEDSTAUNEPER,2013-11-08T14:13:00
United States,Unemployed Persons,1959-02-28T00:00:00,3965,Monthly,UNITEDSTAUNEPER,2015-04-25T21:39:00
United States,Unemployed Persons,1959-03-31T00:00:00,3801,Monthly,UNITEDSTAUNEPER,2015-04-25T21:39:00
United States,Unemployed Persons,1959-04-30T00:00:00,3571,Monthly,UNITEDSTAUNEPER,2013-11-08T14:13:00
United States,Unemployed Persons,1959-05-31T00:00:00,3479,Monthly,UNITEDSTAUNEPER,2013-11-08T14:13:00
United States,Unemployed Persons,1959-06-30T00:00:00,3429,Monthly,UNITEDSTAUNEPER,2013-11-08T14:13:00
United States,Unemployed Persons,1959-07-31T00:00:00,3528,Monthly,UNITEDSTAUNEPER,2013-11-08T14:13:00
United States,Unemployed Persons,1959-08-31T00:00:00,3588,Monthly,UNITEDSTAUNEPER,2015-04-25T21:39:00
United States,Unemployed Persons,1959-09-30T00:00:00,3775,Monthly,UNITEDSTAUNEPER,2013-11-08T14:13:00
United States,Unemployed Persons,1959-10-31T00:00:00,3910,Monthly,UNITEDSTAUNEPER,2013-11-08T14:13:00
United States,Unemployed Persons,1959-11-30T00:00:00,4003,Monthly,UNITEDSTAUNEPER,2015-04-25T21:39:00
United States,Unemployed Persons,1959-12-31T00:00:00,3653,Monthly,UNITEDSTAUNEPER,2013-11-08T14:13:00
United States,Unemployed Persons,1960-01-31T00:00:00,3615,Monthly,UNITEDSTAUNEPER,2013-11-08T14:13:00
United States,Unemployed Persons,1960-02-29T00:00:00,3329,Monthly,UNITEDSTAUNEPER,2013-11-08T14:13:00
United States,Unemployed Persons,1960-03-31T00:00:00,3726,Monthly,UNITEDSTAUNEPER,2013-11-08T14:13:00
United States,Unemployed Persons,1960-04-30T00:00:00,3620,Monthly,UNITEDSTAUNEPER,2013-11-08T14:13:00
United States,Unemployed Persons,1960-05-31T00:00:00,3569,Monthly,UNITEDSTAUNEPER,2015-04-25T21:39:00
United States,Unemployed Persons,1960-06-30T00:00:00,3766,Monthly,UNITEDSTAUNEPER,2013-11-08T14:13:00
United States,Unemployed Persons,1960-07-31T00:00:00,3836,Monthly,UNITEDSTAUNEPER,2013-11-08T14:13:00
United States,Unemployed Persons,1960-08-31T00:00:00,3946,Monthly,UNITEDSTAUNEPER,2013-11-08T14:13:00
United States,Unemployed Persons,1960-09-30T00:00:00,3884,Monthly,UNITEDSTAUNEPER,2013-11-08T14:13:00
United States,Unemployed Persons,1960-10-31T00:00:00,4252,Monthly,UNITEDSTAUNEPER,2015-04-25T21:39:00
United States,Unemployed Persons,1960-11-30T00:00:00,4330,Monthly,UNITEDSTAUNEPER,2013-11-08T14:13:00
United States,Unemployed Persons,1960-12-31T00:00:00,4617,Monthly,UNITEDSTAUNEPER,2013-11-08T14:13:00
United States,Unemployed Persons,1961-01-31T00:00:00,4671,Monthly,UNITEDSTAUNEPER,2015-04-25T21:39:00
United States,Unemployed Persons,1961-02-28T00:00:00,4832,Monthly,UNITEDSTAUNEPER,2013-11-08T14:13:00
United States,Unemployed Persons,1961-03-31T00:00:00,4853,Monthly,UNITEDSTAUNEPER,2013-11-08T14:13:00
United States,Unemployed Persons,1961-04-30T00:00:00,4893,Monthly,UNITEDSTAUNEPER,2015-04-25T21:39:00
United States,Unemployed Persons,1961-05-31T00:00:00,5003,Monthly,UNITEDSTAUNEPER,2013-11-08T14:13:00
United States,Unemployed Persons,1961-06-30T00:00:00,4885,Monthly,UNITEDSTAUNEPER,2013-11-08T14:13:00
United States,Unemployed Persons,1961-07-31T00:00:00,4928,Monthly,UNITEDSTAUNEPER,2015-04-25T21:39:00
United States,Unemployed Persons,1961-08-31T00:00:00,4682,Monthly,UNITEDSTAUNEPER,2013-11-08T14:13:00
United States,Unemployed Persons,1961-09-30T00:00:00,4676,Monthly,UNITEDSTAUNEPER,2013-11-08T14:13:00
United States,Unemployed Persons,1961-10-31T00:00:00,4573,Monthly,UNITEDSTAUNEPER,2015-04-25T21:39:00
United States,Unemployed Persons,1961-11-30T00:00:00,4295,Monthly,UNITEDSTAUNEPER,2013-11-08T14:13:00
United States,Unemployed Persons,1961-12-31T00:00:00,4177,Monthly,UNITEDSTAUNEPER,2013-11-08T14:13:00
United States,Unemployed Persons,1962-01-31T00:00:00,4081,Monthly,UNITEDSTAUNEPER,2013-11-08T14:13:00
United States,Unemployed Persons,1962-02-28T00:00:00,3871,Monthly,UNITEDSTAUNEPER,2013-11-08T14:13:00
United States,Unemployed Persons,1962-03-31T00:00:00,3921,Monthly,UNITEDSTAUNEPER,2013-11-08T14:13:00
United States,Unemployed Persons,1962-04-30T00:00:00,3906,Monthly,UNITEDSTAUNEPER,2015-04-25T21:39:00
United States,Unemployed Persons,1962-05-31T00:00:00,3863,Monthly,UNITEDSTAUNEPER,2013-11-08T14:13:00
United States,Unemployed Persons,1962-06-30T00:00:00,3844,Monthly,UNITEDSTAUNEPER,2013-11-08T14:13:00
United States,Unemployed Persons,1962-07-31T00:00:00,3819,Monthly,UNITEDSTAUNEPER,2015-04-25T21:39:00
United States,Unemployed Persons,1962-08-31T00:00:00,4013,Monthly,UNITEDSTAUNEPER,2013-11-08T14:13:00
United States,Unemployed Persons,1962-09-30T00:00:00,3961,Monthly,UNITEDSTAUNEPER,2015-04-25T21:39:00
United States,Unemployed Persons,1962-10-31T00:00:00,3803,Monthly,UNITEDSTAUNEPER,2013-11-08T14:13:00
United States,Unemployed Persons,1962-11-30T00:00:00,4024,Monthly,UNITEDSTAUNEPER,2013-11-08T14:13:00
United States,Unemployed Persons,1962-12-31T00:00:00,3907,Monthly,UNITEDSTAUNEPER,2015-04-25T21:39:00
United States,Unemployed Persons,1963-01-31T00:00:00,4074,Monthly,UNITEDSTAUNEPER,2013-11-08T14:13:00
United States,Unemployed Persons,1963-02-28T00:00:00,4238,Monthly,UNITEDSTAUNEPER,2013-11-08T14:13:00
United States,Unemployed Persons,1963-03-31T00:00:00,4072,Monthly,UNITEDSTAUNEPER,2013-11-08T14:13:00
United States,Unemployed Persons,1963-04-30T00:00:00,4055,Monthly,UNITEDSTAUNEPER,2013-11-08T14:13:00
United States,Unemployed Persons,1963-05-31T00:00:00,4217,Monthly,UNITEDSTAUNEPER,2013-11-08T14:13:00
United States,Unemployed Persons,1963-06-30T00:00:00,3977,Monthly,UNITEDSTAUNEPER,2015-04-25T21:39:00
United States,Unemployed Persons,1963-07-31T00:00:00,4051,Monthly,UNITEDSTAUNEPER,2013-11-08T14:13:00
United States,Unemployed Persons,1963-08-31T00:00:00,3878,Monthly,UNITEDSTAUNEPER,2013-11-08T14:13:00
United States,Unemployed Persons,1963-09-30T00:00:00,3957,Monthly,UNITEDSTAUNEPER,2015-04-25T21:39:00
United States,Unemployed Persons,1963-10-31T00:00:00,3987,Monthly,UNITEDSTAUNEPER,2013-11-08T14:13:00
United States,Unemployed Persons,1963-11-30T00:00:00,4151,Monthly,UNITEDSTAUNEPER,2013-11-08T14:13:00
United States,Unemployed Persons,1963-12-31T00:00:00,3975,Monthly,UNITEDSTAUNEPER,2015-04-25T21:39:00
United States,Unemployed Persons,1964-01-31T00:00:00,4029,Monthly,UNITEDSTAUNEPER,2013-11-08T14:13:00
United States,Unemployed Persons,1964-02-29T00:00:00,3932,Monthly,UNITEDSTAUNEPER,2015-04-25T21:39:00
United States,Unemployed Persons,1964-03-31T00:00:00,3950,Monthly,UNITEDSTAUNEPER,2015-04-25T21:39:00
United States,Unemployed Persons,1964-04-30T00:00:00,3918,Monthly,UNITEDSTAUNEPER,2013-11-08T14:13:00
United States,Unemployed Persons,1964-05-31T00:00:00,3764,Monthly,UNITEDSTAUNEPER,2013-11-08T14:13:00
United States,Unemployed Persons,1964-06-30T00:00:00,3814,Monthly,UNITEDSTAUNEPER,2013-11-08T14:13:00
United States,Unemployed Persons,1964-07-31T00:00:00,3608,Monthly,UNITEDSTAUNEPER,2013-11-08T14:13:00
United States,Unemployed Persons,1964-08-31T00:00:00,3655,Monthly,UNITEDSTAUNEPER,2015-04-25T21:39:00
United States,Unemployed Persons,1964-09-30T00:00:00,3712,Monthly,UNITEDSTAUNEPER,2013-11-08T14:13:00
United States,Unemployed Persons,1964-10-31T00:00:00,3726,Monthly,UNITEDSTAUNEPER,2013-11-08T14:13:00
United States,Unemployed Persons,1964-11-30T00:00:00,3551,Monthly,UNITEDSTAUNEPER,2015-04-25T21:39:00
United States,Unemployed Persons,1964-12-31T00:00:00,3651,Monthly,UNITEDSTAUNEPER,2013-11-08T14:13:00
United States,Unemployed Persons,1965-01-31T00:00:00,3572,Monthly,UNITEDSTAUNEPER,2013-11-08T14:13:00
United States,Unemployed Persons,1965-02-28T00:00:00,3730,Monthly,UNITEDSTAUNEPER,2013-11-08T14:13:00
United States,Unemployed Persons,1965-03-31T00:00:00,3510,Monthly,UNITEDSTAUNEPER,2013-11-08T14:13:00
United States,Unemployed Persons,1965-04-30T00:00:00,3595,Monthly,UNITEDSTAUNEPER,2013-11-08T14:13:00
United States,Unemployed Persons,1965-05-31T00:00:00,3432,Monthly,UNITEDSTAUNEPER,2015-04-25T21:39:00
United States,Unemployed Persons,1965-06-30T00:00:00,3387,Monthly,UNITEDSTAUNEPER,2013-11-08T14:13:00
United States,Unemployed Persons,1965-07-31T00:00:00,3301,Monthly,UNITEDSTAUNEPER,2013-11-08T14:13:00
United States,Unemployed Persons,1965-08-31T00:00:00,3254,Monthly,UNITEDSTAUNEPER,2015-04-25T21:39:00
United States,Unemployed Persons,1965-09-30T00:00:00,3216,Monthly,UNITEDSTAUNEPER,2013-11-08T14:13:00
United States,Unemployed Persons,1965-10-31T00:00:00,3143,Monthly,UNITEDSTAUNEPER,2013-11-08T14:13:00
United States,Unemployed Persons,1965-11-30T00:00:00,3073,Monthly,UNITEDSTAUNEPER,2013-11-08T14:13:00
United States,Unemployed Persons,1965-12-31T00:00:00,3031,Monthly,UNITEDSTAUNEPER,2013-11-08T14:13:00
United States,Unemployed Persons,1966-01-31T00:00:00,2988,Monthly,UNITEDSTAUNEPER,2015-04-25T21:39:00
United States,Unemployed Persons,1966-02-28T00:00:00,2820,Monthly,UNITEDSTAUNEPER,2013-11-08T14:13:00
United States,Unemployed Persons,1966-03-31T00:00:00,2887,Monthly,UNITEDSTAUNEPER,2013-11-08T14:13:00
United States,Unemployed Persons,1966-04-30T00:00:00,2828,Monthly,UNITEDSTAUNEPER,2013-11-08T14:13:00
United States,Unemployed Persons,1966-05-31T00:00:00,2950,Monthly,UNITEDSTAUNEPER,2015-04-25T21:39:00
United States,Unemployed Persons,1966-06-30T00:00:00,2872,Monthly,UNITEDSTAUNEPER,2013-11-08T14:13:00
United States,Unemployed Persons,1966-07-31T00:00:00,2876,Monthly,UNITEDSTAUNEPER,2013-11-08T14:13:00
United States,Unemployed Persons,1966-08-31T00:00:00,2900,Monthly,UNITEDSTAUNEPER,2013-11-08T14:13:00
United States,Unemployed Persons,1966-09-30T00:00:00,2798,Monthly,UNITEDSTAUNEPER,2013-11-08T14:13:00
United States,Unemployed Persons,1966-10-31T00:00:00,2798,Monthly,UNITEDSTAUNEPER,2015-04-25T21:39:00
United States,Unemployed Persons,1966-11-30T00:00:00,2770,Monthly,UNITEDSTAUNEPER,2013-11-08T14:13:00
United States,Unemployed Persons,1966-12-31T00:00:00,2912,Monthly,UNITEDSTAUNEPER,2013-11-08T14:13:00
United States,Unemployed Persons,1967-01-31T00:00:00,2968,Monthly,UNITEDSTAUNEPER,2015-04-25T21:39:00
United States,Unemployed Persons,1967-02-28T00:00:00,2915,Monthly,UNITEDSTAUNEPER,2013-11-08T14:13:00
United States,Unemployed Persons,1967-03-31T00:00:00,2889,Monthly,UNITEDSTAUNEPER,2013-11-08T14:13:00
United States,Unemployed Persons,1967-04-30T00:00:00,2895,Monthly,UNITEDSTAUNEPER,2015-04-25T21:39:00
United States,Unemployed Persons,1967-05-31T00:00:00,2929,Monthly,UNITEDSTAUNEPER,2013-11-08T14:13:00
United States,Unemployed Persons,1967-06-30T00:00:00,2992,Monthly,UNITEDSTAUNEPER,2013-11-08T14:13:00
United States,Unemployed Persons,1967-07-31T00:00:00,2944,Monthly,UNITEDSTAUNEPER,2015-04-25T21:39:00
United States,Unemployed Persons,1967-08-31T00:00:00,2945,Monthly,UNITEDSTAUNEPER,2013-11-08T14:13:00
United States,Unemployed Persons,1967-09-30T00:00:00,2958,Monthly,UNITEDSTAUNEPER,2013-11-08T14:13:00
United States,Unemployed Persons,1967-10-31T00:00:00,3143,Monthly,UNITEDSTAUNEPER,2015-04-25T21:39:00
United States,Unemployed Persons,1967-11-30T00:00:00,3066,Monthly,UNITEDSTAUNEPER,2013-11-08T14:13:00
United States,Unemployed Persons,1967-12-31T00:00:00,3018,Monthly,UNITEDSTAUNEPER,2013-11-08T14:13:00
United States,Unemployed Persons,1968-01-31T00:00:00,2878,Monthly,UNITEDSTAUNEPER,2013-11-08T14:13:00
United States,Unemployed Persons,1968-02-29T00:00:00,3001,Monthly,UNITEDSTAUNEPER,2013-11-08T14:13:00
United States,Unemployed Persons,1968-03-31T00:00:00,2877,Monthly,UNITEDSTAUNEPER,2013-11-08T14:13:00
United States,Unemployed Persons,1968-04-30T00:00:00,2709,Monthly,UNITEDSTAUNEPER,2013-11-08T14:13:00
United States,Unemployed Persons,1968-05-31T00:00:00,2740,Monthly,UNITEDSTAUNEPER,2013-11-08T14:13:00
United States,Unemployed Persons,1968-06-30T00:00:00,2938,Monthly,UNITEDSTAUNEPER,2015-04-25T21:39:00
United States,Unemployed Persons,1968-07-31T00:00:00,2883,Monthly,UNITEDSTAUNEPER,2013-11-08T14:13:00
United States,Unemployed Persons,1968-08-31T00:00:00,2768,Monthly,UNITEDSTAUNEPER,2013-11-08T14:13:00
United States,Unemployed Persons,1968-09-30T00:00:00,2686,Monthly,UNITEDSTAUNEPER,2015-04-25T21:39:00
United States,Unemployed Persons,1968-10-31T00:00:00,2689,Monthly,UNITEDSTAUNEPER,2013-11-08T14:13:00
United States,Unemployed Persons,1968-11-30T00:00:00,2715,Monthly,UNITEDSTAUNEPER,2013-11-08T14:13:00
United States,Unemployed Persons,1968-12-31T00:00:00,2685,Monthly,UNITEDSTAUNEPER,2015-04-25T21:39:00
United States,Unemployed Persons,1969-01-31T00:00:00,2718,Monthly,UNITEDSTAUNEPER,2013-11-08T14:13:00
United States,Unemployed Persons,1969-02-28T00:00:00,2692,Monthly,UNITEDSTAUNEPER,2015-04-25T21:39:00
United States,Unemployed Persons,1969-03-31T00:00:00,2712,Monthly,UNITEDSTAUNEPER,2015-04-25T21:39:00
United States,Unemployed Persons,1969-04-30T00:00:00,2758,Monthly,UNITEDSTAUNEPER,2013-11-08T14:13:00
United States,Unemployed Persons,1969-05-31T00:00:00,2713,Monthly,UNITEDSTAUNEPER,2013-11-08T14:13:00
United States,Unemployed Persons,1969-06-30T00:00:00,2816,Monthly,UNITEDSTAUNEPER,2015-04-25T21:39:00
United States,Unemployed Persons,1969-07-31T00:00:00,2868,Monthly,UNITEDSTAUNEPER,2013-11-08T14:13:00
United States,Unemployed Persons,1969-08-31T00:00:00,2856,Monthly,UNITEDSTAUNEPER,2013-11-08T14:13:00
United States,Unemployed Persons,1969-09-30T00:00:00,3040,Monthly,UNITEDSTAUNEPER,2013-11-08T14:13:00
United States,Unemployed Persons,1969-10-31T00:00:00,3049,Monthly,UNITEDSTAUNEPER,2013-11-08T14:13:00
United States,Unemployed Persons,1969-11-30T00:00:00,2856,Monthly,UNITEDSTAUNEPER,2015-04-25T21:39:00
United States,Unemployed Persons,1969-12-31T00:00:00,2884,Monthly,UNITEDSTAUNEPER,2013-11-08T14:13:00
United States,Unemployed Persons,1970-01-31T00:00:00,3201,Monthly,UNITEDSTAUNEPER,2013-11-08T14:13:00
United States,Unemployed Persons,1970-02-28T00:00:00,3453,Monthly,UNITEDSTAUNEPER,2015-04-25T21:39:00
United States,Unemployed Persons,1970-03-31T00:00:00,3635,Monthly,UNITEDSTAUNEPER,2015-04-25T21:39:00
United States,Unemployed Persons,1970-04-30T00:00:00,3797,Monthly,UNITEDSTAUNEPER,2013-11-08T14:13:00
United States,Unemployed Persons,1970-05-31T00:00:00,3919,Monthly,UNITEDSTAUNEPER,2013-11-08T14:13:00
United States,Unemployed Persons,1970-06-30T00:00:00,4071,Monthly,UNITEDSTAUNEPER,2013-11-08T14:13:00
United States,Unemployed Persons,1970-07-31T00:00:00,4175,Monthly,UNITEDSTAUNEPER,2013-11-08T14:13:00
United States,Unemployed Persons,1970-08-31T00:00:00,4256,Monthly,UNITEDSTAUNEPER,2015-04-25T21:39:00
United States,Unemployed Persons,1970-09-30T00:00:00,4456,Monthly,UNITEDSTAUNEPER,2013-11-08T14:13:00
United States,Unemployed Persons,1970-10-31T00:00:00,4591,Monthly,UNITEDSTAUNEPER,2013-11-08T14:13:00
United States,Unemployed Persons,1970-11-30T00:00:00,4898,Monthly,UNITEDSTAUNEPER,2015-04-25T21:39:00
United States,Unemployed Persons,1970-12-31T00:00:00,5076,Monthly,UNITEDSTAUNEPER,2013-11-08T14:13:00
United States,Unemployed Persons,1971-01-31T00:00:00,4986,Monthly,UNITEDSTAUNEPER,2013-11-08T14:13:00
United States,Unemployed Persons,1971-02-28T00:00:00,4903,Monthly,UNITEDSTAUNEPER,2013-11-08T14:13:00
United States,Unemployed Persons,1971-03-31T00:00:00,4987,Monthly,UNITEDSTAUNEPER,2013-11-08T14:13:00
United States,Unemployed Persons,1971-04-30T00:00:00,4959,Monthly,UNITEDSTAUNEPER,2013-11-08T14:13:00
United States,Unemployed Persons,1971-05-31T00:00:00,4996,Monthly,UNITEDSTAUNEPER,2015-04-25T21:39:00
United States,Unemployed Persons,1971-06-30T00:00:00,4949,Monthly,UNITEDSTAUNEPER,2013-11-08T14:13:00
United States,Unemployed Persons,1971-07-31T00:00:00,5035,Monthly,UNITEDSTAUNEPER,2013-11-08T14:13:00
United States,Unemployed Persons,1971-08-31T00:00:00,5134,Monthly,UNITEDSTAUNEPER,2015-04-25T21:39:00
United States,Unemployed Persons,1971-09-30T00:00:00,5042,Monthly,UNITEDSTAUNEPER,2013-11-08T14:13:00
United States,Unemployed Persons,1971-10-31T00:00:00,4954,Monthly,UNITEDSTAUNEPER,2013-11-08T14:13:00
United States,Unemployed Persons,1971-11-30T00:00:00,5161,Monthly,UNITEDSTAUNEPER,2013-11-08T14:13:00
United States,Unemployed Persons,1971-12-31T00:00:00,5154,Monthly,UNITEDSTAUNEPER,2013-11-08T14:13:00
United States,Unemployed Persons,1972-01-31T00:00:00,5019,Monthly,UNITEDSTAUNEPER,2015-04-25T21:39:00
United States,Unemployed Persons,1972-02-29T00:00:00,4928,Monthly,UNITEDSTAUNEPER,2013-11-08T14:13:00
United States,Unemployed Persons,1972-03-31T00:00:00,5038,Monthly,UNITEDSTAUNEPER,2013-11-08T14:13:00
United States,Unemployed Persons,1972-04-30T00:00:00,4959,Monthly,UNITEDSTAUNEPER,2015-04-25T21:39:00
United States,Unemployed Persons,1972-05-31T00:00:00,4922,Monthly,UNITEDSTAUNEPER,2013-11-08T14:13:00
United States,Unemployed Persons,1972-06-30T00:00:00,4923,Monthly,UNITEDSTAUNEPER,2013-11-08T14:13:00
United States,Unemployed Persons,1972-07-31T00:00:00,4913,Monthly,UNITEDSTAUNEPER,2015-04-25T21:39:00
United States,Unemployed Persons,1972-08-31T00:00:00,4939,Monthly,UNITEDSTAUNEPER,2013-11-08T14:13:00
United States,Unemployed Persons,1972-09-30T00:00:00,4849,Monthly,UNITEDSTAUNEPER,2013-11-08T14:13:00
United States,Unemployed Persons,1972-10-31T00:00:00,4875,Monthly,UNITEDSTAUNEPER,2015-04-25T21:39:00
United States,Unemployed Persons,1972-11-30T00:00:00,4602,Monthly,UNITEDSTAUNEPER,2013-11-08T14:13:00
United States,Unemployed Persons,1972-12-31T00:00:00,4543,Monthly,UNITEDSTAUNEPER,2013-11-08T14:13:00
United States,Unemployed Persons,1973-01-31T00:00:00,4326,Monthly,UNITEDSTAUNEPER,2013-11-08T14:13:00
United States,Unemployed Persons,1973-02-28T00:00:00,4452,Monthly,UNITEDSTAUNEPER,2013-11-08T14:13:00
United States,Unemployed Persons,1973-03-31T00:00:00,4394,Monthly,UNITEDSTAUNEPER,2013-11-08T14:13:00
United States,Unemployed Persons,1973-04-30T00:00:00,4459,Monthly,UNITEDSTAUNEPER,2015-04-25T21:39:00
United States,Unemployed Persons,1973-05-31T00:00:00,4329,Monthly,UNITEDSTAUNEPER,2013-11-08T14:13:00
United States,Unemployed Persons,1973-06-30T00:00:00,4363,Monthly,UNITEDSTAUNEPER,2013-11-08T14:13:00
United States,Unemployed Persons,1973-07-31T00:00:00,4305,Monthly,UNITEDSTAUNEPER,2015-04-25T21:39:00
United States,Unemployed Persons,1973-08-31T00:00:00,4305,Monthly,UNITEDSTAUNEPER,2013-11-08T14:13:00
United States,Unemployed Persons,1973-09-30T00:00:00,4350,Monthly,UNITEDSTAUNEPER,2015-04-25T21:39:00
United States,Unemployed Persons,1973-10-31T00:00:00,4144,Monthly,UNITEDSTAUNEPER,2013-11-08T14:13:00
United States,Unemployed Persons,1973-11-30T00:00:00,4396,Monthly,UNITEDSTAUNEPER,2013-11-08T14:13:00
United States,Unemployed Persons,1973-12-31T00:00:00,4489,Monthly,UNITEDSTAUNEPER,2015-04-25T21:39:00
United States,Unemployed Persons,1974-01-31T00:00:00,4644,Monthly,UNITEDSTAUNEPER,2013-11-08T14:13:00
United States,Unemployed Persons,1974-02-28T00:00:00,4731,Monthly,UNITEDSTAUNEPER,2013-11-08T14:13:00
United States,Unemployed Persons,1974-03-31T00:00:00,4634,Monthly,UNITEDSTAUNEPER,2013-11-08T14:13:00
United States,Unemployed Persons,1974-04-30T00:00:00,4618,Monthly,UNITEDSTAUNEPER,2013-11-08T14:13:00
United States,Unemployed Persons,1974-05-31T00:00:00,4705,Monthly,UNITEDSTAUNEPER,2013-11-08T14:13:00
United States,Unemployed Persons,1974-06-30T00:00:00,4927,Monthly,UNITEDSTAUNEPER,2015-04-25T21:39:00
United States,Unemployed Persons,1974-07-31T00:00:00,5063,Monthly,UNITEDSTAUNEPER,2013-11-08T14:13:00
United States,Unemployed Persons,1974-08-31T00:00:00,5022,Monthly,UNITEDSTAUNEPER,2013-11-08T14:13:00
United States,Unemployed Persons,1974-09-30T00:00:00,5437,Monthly,UNITEDSTAUNEPER,2015-04-25T21:39:00
United States,Unemployed Persons,1974-10-31T00:00:00,5523,Monthly,UNITEDSTAUNEPER,2013-11-08T14:13:00
United States,Unemployed Persons,1974-11-30T00:00:00,6140,Monthly,UNITEDSTAUNEPER,2013-11-08T14:13:00
United States,Unemployed Persons,1974-12-31T00:00:00,6636,Monthly,UNITEDSTAUNEPER,2015-04-25T21:39:00
United States,Unemployed Persons,1975-01-31T00:00:00,7501,Monthly,UNITEDSTAUNEPER,2013-11-08T14:13:00
United States,Unemployed Persons,1975-02-28T00:00:00,7520,Monthly,UNITEDSTAUNEPER,2015-04-25T21:39:00
United States,Unemployed Persons,1975-03-31T00:00:00,7978,Monthly,UNITEDSTAUNEPER,2015-04-25T21:39:00
United States,Unemployed Persons,1975-04-30T00:00:00,8210,Monthly,UNITEDSTAUNEPER,2013-11-08T14:13:00
United States,Unemployed Persons,1975-05-31T00:00:00,8433,Monthly,UNITEDSTAUNEPER,2013-11-08T14:13:00
United States,Unemployed Persons,1975-06-30T00:00:00,8220,Monthly,UNITEDSTAUNEPER,2015-04-25T21:39:00
United States,Unemployed Persons,1975-07-31T00:00:00,8127,Monthly,UNITEDSTAUNEPER,2013-11-08T14:13:00
United States,Unemployed Persons,1975-08-31T00:00:00,7928,Monthly,UNITEDSTAUNEPER,2013-11-08T14:13:00
United States,Unemployed Persons,1975-09-30T00:00:00,7923,Monthly,UNITEDSTAUNEPER,2013-11-08T14:13:00
United States,Unemployed Persons,1975-10-31T00:00:00,7897,Monthly,UNITEDSTAUNEPER,2013-11-08T14:13:00
United States,Unemployed Persons,1975-11-30T00:00:00,7794,Monthly,UNITEDSTAUNEPER,2015-04-25T21:39:00
United States,Unemployed Persons,1975-12-31T00:00:00,7744,Monthly,UNITEDSTAUNEPER,2013-11-08T14:13:00
United States,Unemployed Persons,1976-01-31T00:00:00,7534,Monthly,UNITEDSTAUNEPER,2013-11-08T14:13:00
United States,Unemployed Persons,1976-02-29T00:00:00,7326,Monthly,UNITEDSTAUNEPER,2015-04-25T21:39:00
United States,Unemployed Persons,1976-03-31T00:00:00,7230,Monthly,UNITEDSTAUNEPER,2013-11-08T14:13:00
United States,Unemployed Persons,1976-04-30T00:00:00,7330,Monthly,UNITEDSTAUNEPER,2013-11-08T14:13:00
United States,Unemployed Persons,1976-05-31T00:00:00,7053,Monthly,UNITEDSTAUNEPER,2015-04-25T21:39:00
United States,Unemployed Persons,1976-06-30T00:00:00,7322,Monthly,UNITEDSTAUNEPER,2013-11-08T14:13:00
United States,Unemployed Persons,1976-07-31T00:00:00,7490,Monthly,UNITEDSTAUNEPER,2013-11-08T14:13:00
United States,Unemployed Persons,1976-08-31T00:00:00,7518,Monthly,UNITEDSTAUNEPER,2015-04-25T21:39:00
United States,Unemployed Persons,1976-09-30T00:00:00,7380,Monthly,UNITEDSTAUNEPER,2013-11-08T14:13:00
United States,Unemployed Persons,1976-10-31T00:00:00,7430,Monthly,UNITEDSTAUNEPER,2013-11-08T14:13:00
United States,Unemployed Persons,1976-11-30T00:00:00,7620,Monthly,UNITEDSTAUNEPER,2013-11-08T14:13:00
United States,Unemployed Persons,1976-12-31T00:00:00,7545,Monthly,UNITEDSTAUNEPER,2013-11-08T14:13:00
United States,Unemployed Persons,1977-01-31T00:00:00,7280,Monthly,UNITEDSTAUNEPER,2015-04-25T21:39:00
United States,Unemployed Persons,1977-02-28T00:00:00,7443,Monthly,UNITEDSTAUNEPER,2013-11-08T14:13:00
United States,Unemployed Persons,1977-03-31T00:00:00,7307,Monthly,UNITEDSTAUNEPER,2013-11-08T14:13:00
United States,Unemployed Persons,1977-04-30T00:00:00,7059,Monthly,UNITEDSTAUNEPER,2013-11-08T14:13:00
United States,Unemployed Persons,1977-05-31T00:00:00,6911,Monthly,UNITEDSTAUNEPER,2015-04-25T21:39:00
United States,Unemployed Persons,1977-06-30T00:00:00,7134,Monthly,UNITEDSTAUNEPER,2013-11-08T14:13:00
United States,Unemployed Persons,1977-07-31T00:00:00,6829,Monthly,UNITEDSTAUNEPER,2013-11-08T14:13:00
United States,Unemployed Persons,1977-08-31T00:00:00,6925,Monthly,UNITEDSTAUNEPER,2013-11-08T14:13:00
United States,Unemployed Persons,1977-09-30T00:00:00,6751,Monthly,UNITEDSTAUNEPER,2013-11-08T14:13:00
United States,Unemployed Persons,1977-10-31T00:00:00,6763,Monthly,UNITEDSTAUNEPER,2015-04-25T21:39:00
United States,Unemployed Persons,1977-11-30T00:00:00,6815,Monthly,UNITEDSTAUNEPER,2013-11-08T14:13:00
United States,Unemployed Persons,1977-12-31T00:00:00,6386,Monthly,UNITEDSTAUNEPER,2013-11-08T14:13:00
United States,Unemployed Persons,1978-01-31T00:00:00,6489,Monthly,UNITEDSTAUNEPER,2015-04-25T21:39:00
United States,Unemployed Persons,1978-02-28T00:00:00,6318,Monthly,UNITEDSTAUNEPER,2013-11-08T14:13:00
United States,Unemployed Persons,1978-03-31T00:00:00,6337,Monthly,UNITEDSTAUNEPER,2013-11-08T14:13:00
United States,Unemployed Persons,1978-04-30T00:00:00,6180,Monthly,UNITEDSTAUNEPER,2015-04-25T21:39:00
United States,Unemployed Persons,1978-05-31T00:00:00,6127,Monthly,UNITEDSTAUNEPER,2013-11-08T14:13:00
United States,Unemployed Persons,1978-06-30T00:00:00,6028,Monthly,UNITEDSTAUNEPER,2013-11-08T14:13:00
United States,Unemployed Persons,1978-07-31T00:00:00,6309,Monthly,UNITEDSTAUNEPER,2015-04-25T21:39:00
United States,Unemployed Persons,1978-08-31T00:00:00,6080,Monthly,UNITEDSTAUNEPER,2013-11-08T14:13:00
United States,Unemployed Persons,1978-09-30T00:00:00,6125,Monthly,UNITEDSTAUNEPER,2013-11-08T14:13:00
United States,Unemployed Persons,1978-10-31T00:00:00,5947,Monthly,UNITEDSTAUNEPER,2015-04-25T21:39:00
United States,Unemployed Persons,1978-11-30T00:00:00,6077,Monthly,UNITEDSTAUNEPER,2013-11-08T14:13:00
United States,Unemployed Persons,1978-12-31T00:00:00,6228,Monthly,UNITEDSTAUNEPER,2013-11-08T14:13:00
United States,Unemployed Persons,1979-01-31T00:00:00,6109,Monthly,UNITEDSTAUNEPER,2013-11-08T14:13:00
United States,Unemployed Persons,1979-02-28T00:00:00,6173,Monthly,UNITEDSTAUNEPER,2013-11-08T14:13:00
United States,Unemployed Persons,1979-03-31T00:00:00,6109,Monthly,UNITEDSTAUNEPER,2013-11-08T14:13:00
United States,Unemployed Persons,1979-04-30T00:00:00,6069,Monthly,UNITEDSTAUNEPER,2015-04-25T21:39:00
United States,Unemployed Persons,1979-05-31T00:00:00,5840,Monthly,UNITEDSTAUNEPER,2013-11-08T14:13:00
United States,Unemployed Persons,1979-06-30T00:00:00,5959,Monthly,UNITEDSTAUNEPER,2013-11-08T14:13:00
United States,Unemployed Persons,1979-07-31T00:00:00,5996,Monthly,UNITEDSTAUNEPER,2015-04-25T21:39:00
United States,Unemployed Persons,1979-08-31T00:00:00,6320,Monthly,UNITEDSTAUNEPER,2013-11-08T14:13:00
United States,Unemployed Persons,1979-09-30T00:00:00,6190,Monthly,UNITEDSTAUNEPER,2015-04-25T21:39:00
United States,Unemployed Persons,1979-10-31T00:00:00,6296,Monthly,UNITEDSTAUNEPER,2013-11-08T14:13:00
United States,Unemployed Persons,1979-11-30T00:00:00,6238,Monthly,UNITEDSTAUNEPER,2013-11-08T14:13:00
United States,Unemployed Persons,1979-12-31T00:00:00,6325,Monthly,UNITEDSTAUNEPER,2015-04-25T21:39:00
United States,Unemployed Persons,1980-01-31T00:00:00,6683,Monthly,UNITEDSTAUNEPER,2013-11-08T14:13:00
United States,Unemployed Persons,1980-02-29T00:00:00,6702,Monthly,UNITEDSTAUNEPER,2013-11-08T14:13:00
United States,Unemployed Persons,1980-03-31T00:00:00,6729,Monthly,UNITEDSTAUNEPER,2015-04-25T21:39:00
United States,Unemployed Persons,1980-04-30T00:00:00,7358,Monthly,UNITEDSTAUNEPER,2013-11-08T14:13:00
United States,Unemployed Persons,1980-05-31T00:00:00,7984,Monthly,UNITEDSTAUNEPER,2013-11-08T14:13:00
United States,Unemployed Persons,1980-06-30T00:00:00,8098,Monthly,UNITEDSTAUNEPER,2015-04-25T21:39:00
United States,Unemployed Persons,1980-07-31T00:00:00,8363,Monthly,UNITEDSTAUNEPER,2013-11-08T14:13:00
United States,Unemployed Persons,1980-08-31T00:00:00,8281,Monthly,UNITEDSTAUNEPER,2013-11-08T14:13:00
United States,Unemployed Persons,1980-09-30T00:00:00,8021,Monthly,UNITEDSTAUNEPER,2013-11-08T14:13:00
United States,Unemployed Persons,1980-10-31T00:00:00,8088,Monthly,UNITEDSTAUNEPER,2013-11-08T14:13:00
United States,Unemployed Persons,1980-11-30T00:00:00,8023,Monthly,UNITEDSTAUNEPER,2015-04-25T21:39:00
United States,Unemployed Persons,1980-12-31T00:00:00,7718,Monthly,UNITEDSTAUNEPER,2013-11-08T14:13:00
United States,Unemployed Persons,1981-01-31T00:00:00,8071,Monthly,UNITEDSTAUNEPER,2013-11-08T14:13:00
United States,Unemployed Persons,1981-02-28T00:00:00,8051,Monthly,UNITEDSTAUNEPER,2015-04-25T21:39:00
United States,Unemployed Persons,1981-03-31T00:00:00,7982,Monthly,UNITEDSTAUNEPER,2015-04-25T21:39:00
United States,Unemployed Persons,1981-04-30T00:00:00,7869,Monthly,UNITEDSTAUNEPER,2013-11-08T14:13:00
United States,Unemployed Persons,1981-05-31T00:00:00,8174,Monthly,UNITEDSTAUNEPER,2013-11-08T14:13:00
United States,Unemployed Persons,1981-06-30T00:00:00,8098,Monthly,UNITEDSTAUNEPER,2013-11-08T14:13:00
United States,Unemployed Persons,1981-07-31T00:00:00,7863,Monthly,UNITEDSTAUNEPER,2013-11-08T14:13:00
United States,Unemployed Persons,1981-08-31T00:00:00,8036,Monthly,UNITEDSTAUNEPER,2015-04-25T21:39:00
United States,Unemployed Persons,1981-09-30T00:00:00,8230,Monthly,UNITEDSTAUNEPER,2013-11-08T14:13:00
United States,Unemployed Persons,1981-10-31T00:00:00,8646,Monthly,UNITEDSTAUNEPER,2013-11-08T14:13:00
United States,Unemployed Persons,1981-11-30T00:00:00,9029,Monthly,UNITEDSTAUNEPER,2015-04-25T21:39:00
United States,Unemployed Persons,1981-12-31T00:00:00,9267,Monthly,UNITEDSTAUNEPER,2013-11-08T14:13:00
United States,Unemployed Persons,1982-01-31T00:00:00,9397,Monthly,UNITEDSTAUNEPER,2013-11-08T14:13:00
United States,Unemployed Persons,1982-02-28T00:00:00,9705,Monthly,UNITEDSTAUNEPER,2013-11-08T14:13:00
United States,Unemployed Persons,1982-03-31T00:00:00,9895,Monthly,UNITEDSTAUNEPER,2013-11-08T14:13:00
United States,Unemployed Persons,1982-04-30T00:00:00,10244,Monthly,UNITEDSTAUNEPER,2013-11-08T14:13:00
United States,Unemployed Persons,1982-05-31T00:00:00,10335,Monthly,UNITEDSTAUNEPER,2015-04-25T21:39:00
United States,Unemployed Persons,1982-06-30T00:00:00,10538,Monthly,UNITEDSTAUNEPER,2013-11-08T14:13:00
United States,Unemployed Persons,1982-07-31T00:00:00,10849,Monthly,UNITEDSTAUNEPER,2013-11-08T14:13:00
United States,Unemployed Persons,1982-08-31T00:00:00,10881,Monthly,UNITEDSTAUNEPER,2015-04-25T21:39:00
United States,Unemployed Persons,1982-09-30T00:00:00,11217,Monthly,UNITEDSTAUNEPER,2013-11-08T14:13:00
United States,Unemployed Persons,1982-10-31T00:00:00,11529,Monthly,UNITEDSTAUNEPER,2013-11-08T14:13:00
United States,Unemployed Persons,1982-11-30T00:00:00,11938,Monthly,UNITEDSTAUNEPER,2013-11-08T14:13:00
United States,Unemployed Persons,1982-12-31T00:00:00,12051,Monthly,UNITEDSTAUNEPER,2013-11-08T14:13:00
United States,Unemployed Persons,1983-01-31T00:00:00,11534,Monthly,UNITEDSTAUNEPER,2015-04-25T21:39:00
United States,Unemployed Persons,1983-02-28T00:00:00,11545,Monthly,UNITEDSTAUNEPER,2013-11-08T14:13:00
United States,Unemployed Persons,1983-03-31T00:00:00,11408,Monthly,UNITEDSTAUNEPER,2013-11-08T14:13:00
United States,Unemployed Persons,1983-04-30T00:00:00,11268,Monthly,UNITEDSTAUNEPER,2013-11-08T14:13:00
United States,Unemployed Persons,1983-05-31T00:00:00,11154,Monthly,UNITEDSTAUNEPER,2015-04-25T21:39:00
United States,Unemployed Persons,1983-06-30T00:00:00,11246,Monthly,UNITEDSTAUNEPER,2013-11-08T14:13:00
United States,Unemployed Persons,1983-07-31T00:00:00,10548,Monthly,UNITEDSTAUNEPER,2013-11-08T14:13:00
United States,Unemployed Persons,1983-08-31T00:00:00,10623,Monthly,UNITEDSTAUNEPER,2013-11-08T14:13:00
United States,Unemployed Persons,1983-09-30T00:00:00,10282,Monthly,UNITEDSTAUNEPER,2013-11-08T14:13:00
United States,Unemployed Persons,1983-10-31T00:00:00,9887,Monthly,UNITEDSTAUNEPER,2015-04-25T21:39:00
United States,Unemployed Persons,1983-11-30T00:00:00,9499,Monthly,UNITEDSTAUNEPER,2013-11-08T14:13:00
United States,Unemployed Persons,1983-12-31T00:00:00,9331,Monthly,UNITEDSTAUNEPER,2013-11-08T14:13:00
United States,Unemployed Persons,1984-01-31T00:00:00,9008,Monthly,UNITEDSTAUNEPER,2015-04-25T21:39:00
United States,Unemployed Persons,1984-02-29T00:00:00,8791,Monthly,UNITEDSTAUNEPER,2013-11-08T14:13:00
United States,Unemployed Persons,1984-03-31T00:00:00,8746,Monthly,UNITEDSTAUNEPER,2013-11-08T14:13:00
United States,Unemployed Persons,1984-04-30T00:00:00,8762,Monthly,UNITEDSTAUNEPER,2015-04-25T21:39:00
United States,Unemployed Persons,1984-05-31T00:00:00,8456,Monthly,UNITEDSTAUNEPER,2013-11-08T14:13:00
United States,Unemployed Persons,1984-06-30T00:00:00,8226,Monthly,UNITEDSTAUNEPER,2013-11-08T14:13:00
United States,Unemployed Persons,1984-07-31T00:00:00,8537,Monthly,UNITEDSTAUNEPER,2015-04-25T21:39:00
United States,Unemployed Persons,1984-08-31T00:00:00,8519,Monthly,UNITEDSTAUNEPER,2013-11-08T14:13:00
United States,Unemployed Persons,1984-09-30T00:00:00,8367,Monthly,UNITEDSTAUNEPER,2015-04-25T21:39:00
United States,Unemployed Persons,1984-10-31T00:00:00,8381,Monthly,UNITEDSTAUNEPER,2013-11-08T14:13:00
United States,Unemployed Persons,1984-11-30T00:00:00,8198,Monthly,UNITEDSTAUNEPER,2013-11-08T14:13:00
United States,Unemployed Persons,1984-12-31T00:00:00,8358,Monthly,UNITEDSTAUNEPER,2015-04-25T21:39:00
United States,Unemployed Persons,1985-01-31T00:00:00,8423,Monthly,UNITEDSTAUNEPER,2013-11-08T14:13:00
United States,Unemployed Persons,1985-02-28T00:00:00,8321,Monthly,UNITEDSTAUNEPER,2013-11-08T14:13:00
United States,Unemployed Persons,1985-03-31T00:00:00,8339,Monthly,UNITEDSTAUNEPER,2013-11-08T14:13:00
United States,Unemployed Persons,1985-04-30T00:00:00,8395,Monthly,UNITEDSTAUNEPER,2013-11-08T14:13:00
United States,Unemployed Persons,1985-05-31T00:00:00,8302,Monthly,UNITEDSTAUNEPER,2013-11-08T14:13:00
United States,Unemployed Persons,1985-06-30T00:00:00,8460,Monthly,UNITEDSTAUNEPER,2015-04-25T21:39:00
United States,Unemployed Persons,1985-07-31T00:00:00,8513,Monthly,UNITEDSTAUNEPER,2013-11-08T14:13:00
United States,Unemployed Persons,1985-08-31T00:00:00,8196,Monthly,UNITEDSTAUNEPER,2013-11-08T14:13:00
United States,Unemployed Persons,1985-09-30T00:00:00,8248,Monthly,UNITEDSTAUNEPER,2015-04-25T21:39:00
United States,Unemployed Persons,1985-10-31T00:00:00,8298,Monthly,UNITEDSTAUNEPER,2013-11-08T14:13:00
United States,Unemployed Persons,1985-11-30T00:00:00,8128,Monthly,UNITEDSTAUNEPER,2013-11-08T14:13:00
United States,Unemployed Persons,1985-12-31T00:00:00,8138,Monthly,UNITEDSTAUNEPER,2015-04-25T21:39:00
United States,Unemployed Persons,1986-01-31T00:00:00,7795,Monthly,UNITEDSTAUNEPER,2013-11-08T14:13:00
United States,Unemployed Persons,1986-02-28T00:00:00,8402,Monthly,UNITEDSTAUNEPER,2015-04-25T21:39:00
United States,Unemployed Persons,1986-03-31T00:00:00,8383,Monthly,UNITEDSTAUNEPER,2015-04-25T21:39:00
United States,Unemployed Persons,1986-04-30T00:00:00,8364,Monthly,UNITEDSTAUNEPER,2013-11-08T14:13:00
United States,Unemployed Persons,1986-05-31T00:00:00,8439,Monthly,UNITEDSTAUNEPER,2013-11-08T14:13:00
United States,Unemployed Persons,1986-06-30T00:00:00,8508,Monthly,UNITEDSTAUNEPER,2015-04-25T21:39:00
United States,Unemployed Persons,1986-07-31T00:00:00,8319,Monthly,UNITEDSTAUNEPER,2013-11-08T14:13:00
United States,Unemployed Persons,1986-08-31T00:00:00,8135,Monthly,UNITEDSTAUNEPER,2013-11-08T14:13:00
United States,Unemployed Persons,1986-09-30T00:00:00,8310,Monthly,UNITEDSTAUNEPER,2013-11-08T14:13:00
United States,Unemployed Persons,1986-10-31T00:00:00,8243,Monthly,UNITEDSTAUNEPER,2013-11-08T14:13:00
United States,Unemployed Persons,1986-11-30T00:00:00,8159,Monthly,UNITEDSTAUNEPER,2015-04-25T21:39:00
United States,Unemployed Persons,1986-12-31T00:00:00,7883,Monthly,UNITEDSTAUNEPER,2013-11-08T14:13:00
United States,Unemployed Persons,1987-01-31T00:00:00,7892,Monthly,UNITEDSTAUNEPER,2013-11-08T14:13:00
United States,Unemployed Persons,1987-02-28T00:00:00,7865,Monthly,UNITEDSTAUNEPER,2015-04-25T21:39:00
United States,Unemployed Persons,1987-03-31T00:00:00,7862,Monthly,UNITEDSTAUNEPER,2015-04-25T21:39:00
United States,Unemployed Persons,1987-04-30T00:00:00,7542,Monthly,UNITEDSTAUNEPER,2013-11-08T14:13:00
United States,Unemployed Persons,1987-05-31T00:00:00,7574,Monthly,UNITEDSTAUNEPER,2013-11-08T14:13:00
United States,Unemployed Persons,1987-06-30T00:00:00,7398,Monthly,UNITEDSTAUNEPER,2013-11-08T14:13:00
United States,Unemployed Persons,1987-07-31T00:00:00,7268,Monthly,UNITEDSTAUNEPER,2013-11-08T14:13:00
United States,Unemployed Persons,1987-08-31T00:00:00,7261,Monthly,UNITEDSTAUNEPER,2015-04-25T21:39:00
United States,Unemployed Persons,1987-09-30T00:00:00,7102,Monthly,UNITEDSTAUNEPER,2013-11-08T14:13:00
United States,Unemployed Persons,1987-10-31T00:00:00,7227,Monthly,UNITEDSTAUNEPER,2013-11-08T14:13:00
United States,Unemployed Persons,1987-11-30T00:00:00,7035,Monthly,UNITEDSTAUNEPER,2015-04-25T21:39:00
United States,Unemployed Persons,1987-12-31T00:00:00,6936,Monthly,UNITEDSTAUNEPER,2013-11-08T14:13:00
United States,Unemployed Persons,1988-01-31T00:00:00,6953,Monthly,UNITEDSTAUNEPER,2013-11-08T14:13:00
United States,Unemployed Persons,1988-02-29T00:00:00,6929,Monthly,UNITEDSTAUNEPER,2013-11-08T14:13:00
United States,Unemployed Persons,1988-03-31T00:00:00,6876,Monthly,UNITEDSTAUNEPER,2013-11-08T14:13:00
United States,Unemployed Persons,1988-04-30T00:00:00,6601,Monthly,UNITEDSTAUNEPER,2013-11-08T14:13:00
United States,Unemployed Persons,1988-05-31T00:00:00,6779,Monthly,UNITEDSTAUNEPER,2015-04-25T21:39:00
United States,Unemployed Persons,1988-06-30T00:00:00,6546,Monthly,UNITEDSTAUNEPER,2013-11-08T14:13:00
United States,Unemployed Persons,1988-07-31T00:00:00,6605,Monthly,UNITEDSTAUNEPER,2013-11-08T14:13:00
United States,Unemployed Persons,1988-08-31T00:00:00,6843,Monthly,UNITEDSTAUNEPER,2013-11-08T14:13:00
United States,Unemployed Persons,1988-09-30T00:00:00,6604,Monthly,UNITEDSTAUNEPER,2013-11-08T14:13:00
United States,Unemployed Persons,1988-10-31T00:00:00,6568,Monthly,UNITEDSTAUNEPER,2015-04-25T21:39:00
United States,Unemployed Persons,1988-11-30T00:00:00,6537,Monthly,UNITEDSTAUNEPER,2013-11-08T14:13:00
United States,Unemployed Persons,1988-12-31T00:00:00,6518,Monthly,UNITEDSTAUNEPER,2013-11-08T14:13:00
United States,Unemployed Persons,1989-01-31T00:00:00,6682,Monthly,UNITEDSTAUNEPER,2015-04-25T21:39:00
United States,Unemployed Persons,1989-02-28T00:00:00,6359,Monthly,UNITEDSTAUNEPER,2013-11-08T14:13:00
United States,Unemployed Persons,1989-03-31T00:00:00,6205,Monthly,UNITEDSTAUNEPER,2013-11-08T14:13:00
United States,Unemployed Persons,1989-04-30T00:00:00,6468,Monthly,UNITEDSTAUNEPER,2015-04-25T21:39:00
United States,Unemployed Persons,1989-05-31T00:00:00,6375,Monthly,UNITEDSTAUNEPER,2013-11-08T14:13:00
United States,Unemployed Persons,1989-06-30T00:00:00,6577,Monthly,UNITEDSTAUNEPER,2013-11-08T14:13:00
United States,Unemployed Persons,1989-07-31T00:00:00,6495,Monthly,UNITEDSTAUNEPER,2015-04-25T21:39:00
United States,Unemployed Persons,1989-08-31T00:00:00,6511,Monthly,UNITEDSTAUNEPER,2013-11-08T14:13:00
United States,Unemployed Persons,1989-09-30T00:00:00,6590,Monthly,UNITEDSTAUNEPER,2013-11-08T14:13:00
United States,Unemployed Persons,1989-10-31T00:00:00,6630,Monthly,UNITEDSTAUNEPER,2015-04-25T21:39:00
United States,Unemployed Persons,1989-11-30T00:00:00,6725,Monthly,UNITEDSTAUNEPER,2013-11-08T14:13:00
United States,Unemployed Persons,1989-12-31T00:00:00,6667,Monthly,UNITEDSTAUNEPER,2013-11-08T14:13:00
United States,Unemployed Persons,1990-01-31T00:00:00,6752,Monthly,UNITEDSTAUNEPER,2013-11-08T14:13:00
United States,Unemployed Persons,1990-02-28T00:00:00,6651,Monthly,UNITEDSTAUNEPER,2013-11-08T14:13:00
United States,Unemployed Persons,1990-03-31T00:00:00,6598,Monthly,UNITEDSTAUNEPER,2013-11-08T14:13:00
United States,Unemployed Persons,1990-04-30T00:00:00,6797,Monthly,UNITEDSTAUNEPER,2015-04-25T21:39:00
United States,Unemployed Persons,1990-05-31T00:00:00,6742,Monthly,UNITEDSTAUNEPER,2013-11-08T14:13:00
United States,Unemployed Persons,1990-06-30T00:00:00,6590,Monthly,UNITEDSTAUNEPER,2013-11-08T14:13:00
United States,Unemployed Persons,1990-07-31T00:00:00,6922,Monthly,UNITEDSTAUNEPER,2015-04-25T21:39:00
United States,Unemployed Persons,1990-08-31T00:00:00,7188,Monthly,UNITEDSTAUNEPER,2013-11-08T14:13:00
United States,Unemployed Persons,1990-09-30T00:00:00,7368,Monthly,UNITEDSTAUNEPER,2015-04-25T21:39:00
United States,Unemployed Persons,1990-10-31T00:00:00,7459,Monthly,UNITEDSTAUNEPER,2013-11-08T14:13:00
United States,Unemployed Persons,1990-11-30T00:00:00,7764,Monthly,UNITEDSTAUNEPER,2013-11-08T14:13:00
United States,Unemployed Persons,1990-12-31T00:00:00,7901,Monthly,UNITEDSTAUNEPER,2015-04-25T21:39:00
United States,Unemployed Persons,1991-01-31T00:00:00,8015,Monthly,UNITEDSTAUNEPER,2013-11-08T14:13:00
United States,Unemployed Persons,1991-02-28T00:00:00,8265,Monthly,UNITEDSTAUNEPER,2013-11-08T14:13:00
United States,Unemployed Persons,1991-03-31T00:00:00,8586,Monthly,UNITEDSTAUNEPER,2013-11-08T14:13:00
United States,Unemployed Persons,1991-04-30T00:00:00,8439,Monthly,UNITEDSTAUNEPER,2013-11-08T14:13:00
United States,Unemployed Persons,1991-05-31T00:00:00,8736,Monthly,UNITEDSTAUNEPER,2013-11-08T14:13:00
United States,Unemployed Persons,1991-06-30T00:00:00,8692,Monthly,UNITEDSTAUNEPER,2015-04-25T21:39:00
United States,Unemployed Persons,1991-07-31T00:00:00,8586,Monthly,UNITEDSTAUNEPER,2013-11-08T14:13:00
United States,Unemployed Persons,1991-08-31T00:00:00,8666,Monthly,UNITEDSTAUNEPER,2013-11-08T14:13:00
United States,Unemployed Persons,1991-09-30T00:00:00,8722,Monthly,UNITEDSTAUNEPER,2015-04-25T21:39:00
United States,Unemployed Persons,1991-10-31T00:00:00,8842,Monthly,UNITEDSTAUNEPER,2013-11-08T14:13:00
United States,Unemployed Persons,1991-11-30T00:00:00,8931,Monthly,UNITEDSTAUNEPER,2013-11-08T14:13:00
United States,Unemployed Persons,1991-12-31T00:00:00,9198,Monthly,UNITEDSTAUNEPER,2015-04-25T21:39:00
United States,Unemployed Persons,1992-01-31T00:00:00,9283,Monthly,UNITEDSTAUNEPER,2013-11-08T14:13:00
United States,Unemployed Persons,1992-02-29T00:00:00,9454,Monthly,UNITEDSTAUNEPER,2015-04-25T21:39:00
United States,Unemployed Persons,1992-03-31T00:00:00,9460,Monthly,UNITEDSTAUNEPER,2015-04-25T21:39:00
United States,Unemployed Persons,1992-04-30T00:00:00,9415,Monthly,UNITEDSTAUNEPER,2013-11-08T14:13:00
United States,Unemployed Persons,1992-05-31T00:00:00,9744,Monthly,UNITEDSTAUNEPER,2013-11-08T14:13:00
United States,Unemployed Persons,1992-06-30T00:00:00,10040,Monthly,UNITEDSTAUNEPER,2013-11-08T14:13:00
United States,Unemployed Persons,1992-07-31T00:00:00,9850,Monthly,UNITEDSTAUNEPER,2013-11-08T14:13:00
United States,Unemployed Persons,1992-08-31T00:00:00,9787,Monthly,UNITEDSTAUNEPER,2015-04-25T21:39:00
United States,Unemployed Persons,1992-09-30T00:00:00,9781,Monthly,UNITEDSTAUNEPER,2013-11-08T14:13:00
United States,Unemployed Persons,1992-10-31T00:00:00,9398,Monthly,UNITEDSTAUNEPER,2013-11-08T14:13:00
United States,Unemployed Persons,1992-11-30T00:00:00,9565,Monthly,UNITEDSTAUNEPER,2015-04-25T21:39:00
United States,Unemployed Persons,1992-12-31T00:00:00,9557,Monthly,UNITEDSTAUNEPER,2013-11-08T14:13:00
United States,Unemployed Persons,1993-01-31T00:00:00,9325,Monthly,UNITEDSTAUNEPER,2013-11-08T14:13:00
United States,Unemployed Persons,1993-02-28T00:00:00,9183,Monthly,UNITEDSTAUNEPER,2013-11-08T14:13:00
United States,Unemployed Persons,1993-03-31T00:00:00,9056,Monthly,UNITEDSTAUNEPER,2013-11-08T14:13:00
United States,Unemployed Persons,1993-04-30T00:00:00,9110,Monthly,UNITEDSTAUNEPER,2013-11-08T14:13:00
United States,Unemployed Persons,1993-05-31T00:00:00,9149,Monthly,UNITEDSTAUNEPER,2015-04-25T21:39:00
United States,Unemployed Persons,1993-06-30T00:00:00,9121,Monthly,UNITEDSTAUNEPER,2013-11-08T14:13:00
United States,Unemployed Persons,1993-07-31T00:00:00,8930,Monthly,UNITEDSTAUNEPER,2013-11-08T14:13:00
United States,Unemployed Persons,1993-08-31T00:00:00,8763,Monthly,UNITEDSTAUNEPER,2015-04-25T21:39:00
United States,Unemployed Persons,1993-09-30T00:00:00,8714,Monthly,UNITEDSTAUNEPER,2013-11-08T14:13:00
United States,Unemployed Persons,1993-10-31T00:00:00,8750,Monthly,UNITEDSTAUNEPER,2013-11-08T14:13:00
United States,Unemployed Persons,1993-11-30T00:00:00,8542,Monthly,UNITEDSTAUNEPER,2013-11-08T14:13:00
United States,Unemployed Persons,1993-12-31T00:00:00,8477,Monthly,UNITEDSTAUNEPER,2013-11-08T14:13:00
United States,Unemployed Persons,1994-01-31T00:00:00,8630,Monthly,UNITEDSTAUNEPER,2015-04-25T21:39:00
United States,Unemployed Persons,1994-02-28T00:00:00,8583,Monthly,UNITEDSTAUNEPER,2013-11-08T14:13:00
United States,Unemployed Persons,1994-03-31T00:00:00,8470,Monthly,UNITEDSTAUNEPER,2013-11-08T14:13:00
United States,Unemployed Persons,1994-04-30T00:00:00,8331,Monthly,UNITEDSTAUNEPER,2013-11-08T14:13:00
United States,Unemployed Persons,1994-05-31T00:00:00,7915,Monthly,UNITEDSTAUNEPER,2015-04-25T21:39:00
United States,Unemployed Persons,1994-06-30T00:00:00,7927,Monthly,UNITEDSTAUNEPER,2013-11-08T14:13:00
United States,Unemployed Persons,1994-07-31T00:00:00,7946,Monthly,UNITEDSTAUNEPER,2013-11-08T14:13:00
United States,Unemployed Persons,1994-08-31T00:00:00,7933,Monthly,UNITEDSTAUNEPER,2013-11-08T14:13:00
United States,Unemployed Persons,1994-09-30T00:00:00,7734,Monthly,UNITEDSTAUNEPER,2013-11-08T14:13:00
United States,Unemployed Persons,1994-10-31T00:00:00,7632,Monthly,UNITEDSTAUNEPER,2015-04-25T21:39:00
United States,Unemployed Persons,1994-11-30T00:00:00,7375,Monthly,UNITEDSTAUNEPER,2013-11-08T14:13:00
United States,Unemployed Persons,1994-12-31T00:00:00,7230,Monthly,UNITEDSTAUNEPER,2013-11-08T14:13:00
United States,Unemployed Persons,1995-01-31T00:00:00,7375,Monthly,UNITEDSTAUNEPER,2015-04-25T21:39:00
United States,Unemployed Persons,1995-02-28T00:00:00,7187,Monthly,UNITEDSTAUNEPER,2013-11-08T14:13:00
United States,Unemployed Persons,1995-03-31T00:00:00,7153,Monthly,UNITEDSTAUNEPER,2013-11-08T14:13:00
United States,Unemployed Persons,1995-04-30T00:00:00,7645,Monthly,UNITEDSTAUNEPER,2015-04-25T21:39:00
United States,Unemployed Persons,1995-05-31T00:00:00,7430,Monthly,UNITEDSTAUNEPER,2013-11-08T14:13:00
United States,Unemployed Persons,1995-06-30T00:00:00,7427,Monthly,UNITEDSTAUNEPER,2013-11-08T14:13:00
United States,Unemployed Persons,1995-07-31T00:00:00,7527,Monthly,UNITEDSTAUNEPER,2015-04-25T21:39:00
United States,Unemployed Persons,1995-08-31T00:00:00,7484,Monthly,UNITEDSTAUNEPER,2013-11-08T14:13:00
United States,Unemployed Persons,1995-09-30T00:00:00,7478,Monthly,UNITEDSTAUNEPER,2013-11-08T14:13:00
United States,Unemployed Persons,1995-10-31T00:00:00,7328,Monthly,UNITEDSTAUNEPER,2015-04-25T21:39:00
United States,Unemployed Persons,1995-11-30T00:00:00,7426,Monthly,UNITEDSTAUNEPER,2013-11-08T14:13:00
United States,Unemployed Persons,1995-12-31T00:00:00,7423,Monthly,UNITEDSTAUNEPER,2013-11-08T14:13:00
United States,Unemployed Persons,1996-01-31T00:00:00,7491,Monthly,UNITEDSTAUNEPER,2013-11-08T14:13:00
United States,Unemployed Persons,1996-02-29T00:00:00,7313,Monthly,UNITEDSTAUNEPER,2013-11-08T14:13:00
United States,Unemployed Persons,1996-03-31T00:00:00,7318,Monthly,UNITEDSTAUNEPER,2013-11-08T14:13:00
United States,Unemployed Persons,1996-04-30T00:00:00,7415,Monthly,UNITEDSTAUNEPER,2013-11-08T14:13:00
United States,Unemployed Persons,1996-05-31T00:00:00,7423,Monthly,UNITEDSTAUNEPER,2013-11-08T14:13:00
United States,Unemployed Persons,1996-06-30T00:00:00,7095,Monthly,UNITEDSTAUNEPER,2015-04-25T21:39:00
United States,Unemployed Persons,1996-07-31T00:00:00,7337,Monthly,UNITEDSTAUNEPER,2013-11-08T14:13:00
United States,Unemployed Persons,1996-08-31T00:00:00,6882,Monthly,UNITEDSTAUNEPER,2013-11-08T14:13:00
United States,Unemployed Persons,1996-09-30T00:00:00,6979,Monthly,UNITEDSTAUNEPER,2015-04-25T21:39:00
United States,Unemployed Persons,1996-10-31T00:00:00,7031,Monthly,UNITEDSTAUNEPER,2013-11-08T14:13:00
United States,Unemployed Persons,1996-11-30T00:00:00,7236,Monthly,UNITEDSTAUNEPER,2013-11-08T14:13:00
United States,Unemployed Persons,1996-12-31T00:00:00,7253,Monthly,UNITEDSTAUNEPER,2015-04-25T21:39:00
United States,Unemployed Persons,1997-01-31T00:00:00,7158,Monthly,UNITEDSTAUNEPER,2013-11-08T14:13:00
United States,Unemployed Persons,1997-02-28T00:00:00,7102,Monthly,UNITEDSTAUNEPER,2015-04-25T21:39:00
United States,Unemployed Persons,1997-03-31T00:00:00,7000,Monthly,UNITEDSTAUNEPER,2015-04-25T21:39:00
United States,Unemployed Persons,1997-04-30T00:00:00,6873,Monthly,UNITEDSTAUNEPER,2013-11-08T14:13:00
United States,Unemployed Persons,1997-05-31T00:00:00,6655,Monthly,UNITEDSTAUNEPER,2013-11-08T14:13:00
United States,Unemployed Persons,1997-06-30T00:00:00,6799,Monthly,UNITEDSTAUNEPER,2015-04-25T21:39:00
United States,Unemployed Persons,1997-07-31T00:00:00,6655,Monthly,UNITEDSTAUNEPER,2013-11-08T14:13:00
United States,Unemployed Persons,1997-08-31T00:00:00,6608,Monthly,UNITEDSTAUNEPER,2013-11-08T14:13:00
United States,Unemployed Persons,1997-09-30T00:00:00,6656,Monthly,UNITEDSTAUNEPER,2013-11-08T14:13:00
United States,Unemployed Persons,1997-10-31T00:00:00,6454,Monthly,UNITEDSTAUNEPER,2013-11-08T14:13:00
United States,Unemployed Persons,1997-11-30T00:00:00,6308,Monthly,UNITEDSTAUNEPER,2015-04-25T21:39:00
United States,Unemployed Persons,1997-12-31T00:00:00,6476,Monthly,UNITEDSTAUNEPER,2013-11-08T14:13:00
United States,Unemployed Persons,1998-01-31T00:00:00,6368,Monthly,UNITEDSTAUNEPER,2013-11-08T14:13:00
United States,Unemployed Persons,1998-02-28T00:00:00,6306,Monthly,UNITEDSTAUNEPER,2015-04-25T21:39:00
United States,Unemployed Persons,1998-03-31T00:00:00,6422,Monthly,UNITEDSTAUNEPER,2015-04-25T21:39:00
United States,Unemployed Persons,1998-04-30T00:00:00,5941,Monthly,UNITEDSTAUNEPER,2013-11-08T14:13:00
United States,Unemployed Persons,1998-05-31T00:00:00,6047,Monthly,UNITEDSTAUNEPER,2013-11-08T14:13:00
United States,Unemployed Persons,1998-06-30T00:00:00,6212,Monthly,UNITEDSTAUNEPER,2013-11-08T14:13:00
United States,Unemployed Persons,1998-07-31T00:00:00,6259,Monthly,UNITEDSTAUNEPER,2013-11-08T14:13:00
United States,Unemployed Persons,1998-08-31T00:00:00,6179,Monthly,UNITEDSTAUNEPER,2015-04-25T21:39:00
United States,Unemployed Persons,1998-09-30T00:00:00,6300,Monthly,UNITEDSTAUNEPER,2013-11-08T14:13:00
United States,Unemployed Persons,1998-10-31T00:00:00,6280,Monthly,UNITEDSTAUNEPER,2013-11-08T14:13:00
United States,Unemployed Persons,1998-11-30T00:00:00,6100,Monthly,UNITEDSTAUNEPER,2015-04-25T21:39:00
United States,Unemployed Persons,1998-12-31T00:00:00,6032,Monthly,UNITEDSTAUNEPER,2013-11-08T14:13:00
United States,Unemployed Persons,1999-01-31T00:00:00,5976,Monthly,UNITEDSTAUNEPER,2013-11-08T14:13:00
United States,Unemployed Persons,1999-02-28T00:00:00,6111,Monthly,UNITEDSTAUNEPER,2013-11-08T14:13:00
United States,Unemployed Persons,1999-03-31T00:00:00,5783,Monthly,UNITEDSTAUNEPER,2013-11-08T14:13:00
United States,Unemployed Persons,1999-04-30T00:00:00,6004,Monthly,UNITEDSTAUNEPER,2013-11-08T14:13:00
United States,Unemployed Persons,1999-05-31T00:00:00,5796,Monthly,UNITEDSTAUNEPER,2015-04-25T21:40:00
United States,Unemployed Persons,1999-06-30T00:00:00,5951,Monthly,UNITEDSTAUNEPER,2013-11-08T14:13:00
United States,Unemployed Persons,1999-07-31T00:00:00,6025,Monthly,UNITEDSTAUNEPER,2013-11-08T14:13:00
United States,Unemployed Persons,1999-08-31T00:00:00,5838,Monthly,UNITEDSTAUNEPER,2015-04-25T21:40:00
United States,Unemployed Persons,1999-09-30T00:00:00,5915,Monthly,UNITEDSTAUNEPER,2013-11-08T14:13:00
United States,Unemployed Persons,1999-10-31T00:00:00,5778,Monthly,UNITEDSTAUNEPER,2013-11-08T14:13:00
United States,Unemployed Persons,1999-11-30T00:00:00,5716,Monthly,UNITEDSTAUNEPER,2013-11-08T14:13:00
United States,Unemployed Persons,1999-12-31T00:00:00,5653,Monthly,UNITEDSTAUNEPER,2013-11-08T14:13:00
United States,Unemployed Persons,2000-01-31T00:00:00,5708,Monthly,UNITEDSTAUNEPER,2015-04-25T21:40:00
United States,Unemployed Persons,2000-02-29T00:00:00,5858,Monthly,UNITEDSTAUNEPER,2013-11-08T14:13:00
United States,Unemployed Persons,2000-03-31T00:00:00,5733,Monthly,UNITEDSTAUNEPER,2013-11-08T14:13:00
United States,Unemployed Persons,2000-04-30T00:00:00,5481,Monthly,UNITEDSTAUNEPER,2015-04-25T21:40:00
United States,Unemployed Persons,2000-05-31T00:00:00,5758,Monthly,UNITEDSTAUNEPER,2013-11-08T14:13:00
United States,Unemployed Persons,2000-06-30T00:00:00,5651,Monthly,UNITEDSTAUNEPER,2013-11-08T14:13:00
United States,Unemployed Persons,2000-07-31T00:00:00,5747,Monthly,UNITEDSTAUNEPER,2015-04-25T21:40:00
United States,Unemployed Persons,2000-08-31T00:00:00,5853,Monthly,UNITEDSTAUNEPER,2013-11-08T14:13:00
United States,Unemployed Persons,2000-09-30T00:00:00,5625,Monthly,UNITEDSTAUNEPER,2013-11-08T14:13:00
United States,Unemployed Persons,2000-10-31T00:00:00,5534,Monthly,UNITEDSTAUNEPER,2015-04-25T21:40:00
United States,Unemployed Persons,2000-11-30T00:00:00,5639,Monthly,UNITEDSTAUNEPER,2013-11-08T14:13:00
United States,Unemployed Persons,2000-12-31T00:00:00,5634,Monthly,UNITEDSTAUNEPER,2013-11-08T14:13:00
United States,Unemployed Persons,2001-01-31T00:00:00,6023,Monthly,UNITEDSTAUNEPER,2013-11-08T14:13:00
United States,Unemployed Persons,2001-02-28T00:00:00,6089,Monthly,UNITEDSTAUNEPER,2013-11-08T14:13:00
United States,Unemployed Persons,2001-03-31T00:00:00,6141,Monthly,UNITEDSTAUNEPER,2013-11-08T14:13:00
United States,Unemployed Persons,2001-04-30T00:00:00,6271,Monthly,UNITEDSTAUNEPER,2015-04-25T21:40:00
United States,Unemployed Persons,2001-05-31T00:00:00,6226,Monthly,UNITEDSTAUNEPER,2013-11-08T14:13:00
United States,Unemployed Persons,2001-06-30T00:00:00,6484,Monthly,UNITEDSTAUNEPER,2013-11-08T14:13:00
United States,Unemployed Persons,2001-07-31T00:00:00,6583,Monthly,UNITEDSTAUNEPER,2015-04-25T21:40:00
United States,Unemployed Persons,2001-08-31T00:00:00,7042,Monthly,UNITEDSTAUNEPER,2013-11-08T14:13:00
United States,Unemployed Persons,2001-09-30T00:00:00,7142,Monthly,UNITEDSTAUNEPER,2015-04-25T21:40:00
United States,Unemployed Persons,2001-10-31T00:00:00,7694,Monthly,UNITEDSTAUNEPER,2013-11-08T14:13:00
United States,Unemployed Persons,2001-11-30T00:00:00,8003,Monthly,UNITEDSTAUNEPER,2013-11-08T14:13:00
United States,Unemployed Persons,2001-12-31T00:00:00,8258,Monthly,UNITEDSTAUNEPER,2015-04-25T21:40:00
United States,Unemployed Persons,2002-01-31T00:00:00,8182,Monthly,UNITEDSTAUNEPER,2013-11-08T14:13:00
United States,Unemployed Persons,2002-02-28T00:00:00,8215,Monthly,UNITEDSTAUNEPER,2013-11-08T14:13:00
United States,Unemployed Persons,2002-03-31T00:00:00,8304,Monthly,UNITEDSTAUNEPER,2013-11-08T14:13:00
United States,Unemployed Persons,2002-04-30T00:00:00,8599,Monthly,UNITEDSTAUNEPER,2013-11-08T14:13:00
United States,Unemployed Persons,2002-05-31T00:00:00,8399,Monthly,UNITEDSTAUNEPER,2013-11-08T14:13:00
United States,Unemployed Persons,2002-06-30T00:00:00,8393,Monthly,UNITEDSTAUNEPER,2015-04-25T21:40:00
United States,Unemployed Persons,2002-07-31T00:00:00,8390,Monthly,UNITEDSTAUNEPER,2013-11-08T14:13:00
United States,Unemployed Persons,2002-08-31T00:00:00,8304,Monthly,UNITEDSTAUNEPER,2013-11-08T14:13:00
United States,Unemployed Persons,2002-09-30T00:00:00,8251,Monthly,UNITEDSTAUNEPER,2015-04-25T21:40:00
United States,Unemployed Persons,2002-10-31T00:00:00,8307,Monthly,UNITEDSTAUNEPER,2013-11-08T14:13:00
United States,Unemployed Persons,2002-11-30T00:00:00,8520,Monthly,UNITEDSTAUNEPER,2013-11-08T14:13:00
United States,Unemployed Persons,2002-12-31T00:00:00,8640,Monthly,UNITEDSTAUNEPER,2015-04-25T21:40:00
United States,Unemployed Persons,2003-01-31T00:00:00,8520,Monthly,UNITEDSTAUNEPER,2013-11-08T14:13:00
United States,Unemployed Persons,2003-02-28T00:00:00,8618,Monthly,UNITEDSTAUNEPER,2015-04-25T21:40:00
United States,Unemployed Persons,2003-03-31T00:00:00,8588,Monthly,UNITEDSTAUNEPER,2015-04-25T21:40:00
United States,Unemployed Persons,2003-04-30T00:00:00,8842,Monthly,UNITEDSTAUNEPER,2013-11-08T14:13:00
United States,Unemployed Persons,2003-05-31T00:00:00,8957,Monthly,UNITEDSTAUNEPER,2013-11-08T14:13:00
United States,Unemployed Persons,2003-06-30T00:00:00,9266,Monthly,UNITEDSTAUNEPER,2015-04-25T21:40:00
United States,Unemployed Persons,2003-07-31T00:00:00,9011,Monthly,UNITEDSTAUNEPER,2013-11-08T14:13:00
United States,Unemployed Persons,2003-08-31T00:00:00,8896,Monthly,UNITEDSTAUNEPER,2013-11-08T14:13:00
United States,Unemployed Persons,2003-09-30T00:00:00,8921,Monthly,UNITEDSTAUNEPER,2013-11-08T14:13:00
United States,Unemployed Persons,2003-10-31T00:00:00,8732,Monthly,UNITEDSTAUNEPER,2013-11-08T14:13:00
United States,Unemployed Persons,2003-11-30T00:00:00,8576,Monthly,UNITEDSTAUNEPER,2015-04-25T21:40:00
United States,Unemployed Persons,2003-12-31T00:00:00,8317,Monthly,UNITEDSTAUNEPER,2013-11-08T14:13:00
United States,Unemployed Persons,2004-01-31T00:00:00,8370,Monthly,UNITEDSTAUNEPER,2013-11-08T14:13:00
United States,Unemployed Persons,2004-02-29T00:00:00,8167,Monthly,UNITEDSTAUNEPER,2015-04-25T21:40:00
United States,Unemployed Persons,2004-03-31T00:00:00,8491,Monthly,UNITEDSTAUNEPER,2013-11-08T14:13:00
United States,Unemployed Persons,2004-04-30T00:00:00,8170,Monthly,UNITEDSTAUNEPER,2013-11-08T14:13:00
United States,Unemployed Persons,2004-05-31T00:00:00,8212,Monthly,UNITEDSTAUNEPER,2015-04-25T21:40:00
United States,Unemployed Persons,2004-06-30T00:00:00,8286,Monthly,UNITEDSTAUNEPER,2013-11-08T14:13:00
United States,Unemployed Persons,2004-07-31T00:00:00,8136,Monthly,UNITEDSTAUNEPER,2013-11-08T14:13:00
United States,Unemployed Persons,2004-08-31T00:00:00,7990,Monthly,UNITEDSTAUNEPER,2015-04-25T21:40:00
United States,Unemployed Persons,2004-09-30T00:00:00,7927,Monthly,UNITEDSTAUNEPER,2013-11-08T14:13:00
United States,Unemployed Persons,2004-10-31T00:00:00,8061,Monthly,UNITEDSTAUNEPER,2013-11-08T14:13:00
United States,Unemployed Persons,2004-11-30T00:00:00,7932,Monthly,UNITEDSTAUNEPER,2013-11-08T14:13:00
United States,Unemployed Persons,2004-12-31T00:00:00,7934,Monthly,UNITEDSTAUNEPER,2013-11-08T14:13:00
United States,Unemployed Persons,2005-01-31T00:00:00,7784,Monthly,UNITEDSTAUNEPER,2015-04-25T21:40:00
United States,Unemployed Persons,2005-02-28T00:00:00,7980,Monthly,UNITEDSTAUNEPER,2013-11-08T14:13:00
United States,Unemployed Persons,2005-03-31T00:00:00,7737,Monthly,UNITEDSTAUNEPER,2013-11-08T14:13:00
United States,Unemployed Persons,2005-04-30T00:00:00,7672,Monthly,UNITEDSTAUNEPER,2013-11-08T14:13:00
United States,Unemployed Persons,2005-05-31T00:00:00,7651,Monthly,UNITEDSTAUNEPER,2015-04-25T21:40:00
United States,Unemployed Persons,2005-06-30T00:00:00,7524,Monthly,UNITEDSTAUNEPER,2013-11-08T14:13:00
United States,Unemployed Persons,2005-07-31T00:00:00,7406,Monthly,UNITEDSTAUNEPER,2013-11-08T14:13:00
United States,Unemployed Persons,2005-08-31T00:00:00,7345,Monthly,UNITEDSTAUNEPER,2013-11-08T14:13:00
United States,Unemployed Persons,2005-09-30T00:00:00,7553,Monthly,UNITEDSTAUNEPER,2013-11-08T14:13:00
United States,Unemployed Persons,2005-10-31T00:00:00,7453,Monthly,UNITEDSTAUNEPER,2015-04-25T21:40:00
United States,Unemployed Persons,2005-11-30T00:00:00,7566,Monthly,UNITEDSTAUNEPER,2013-11-08T14:13:00
United States,Unemployed Persons,2005-12-31T00:00:00,7279,Monthly,UNITEDSTAUNEPER,2013-11-08T14:13:00
United States,Unemployed Persons,2006-01-31T00:00:00,7064,Monthly,UNITEDSTAUNEPER,2015-04-25T21:40:00
United States,Unemployed Persons,2006-02-28T00:00:00,7184,Monthly,UNITEDSTAUNEPER,2013-11-08T14:13:00
United States,Unemployed Persons,2006-03-31T00:00:00,7072,Monthly,UNITEDSTAUNEPER,2013-11-08T14:13:00
United States,Unemployed Persons,2006-04-30T00:00:00,7120,Monthly,UNITEDSTAUNEPER,2015-04-25T21:40:00
United States,Unemployed Persons,2006-05-31T00:00:00,6980,Monthly,UNITEDSTAUNEPER,2013-11-08T14:13:00
United States,Unemployed Persons,2006-06-30T00:00:00,7001,Monthly,UNITEDSTAUNEPER,2013-11-08T14:13:00
United States,Unemployed Persons,2006-07-31T00:00:00,7175,Monthly,UNITEDSTAUNEPER,2015-04-25T21:40:00
United States,Unemployed Persons,2006-08-31T00:00:00,7091,Monthly,UNITEDSTAUNEPER,2013-11-08T14:13:00
United States,Unemployed Persons,2006-09-30T00:00:00,6847,Monthly,UNITEDSTAUNEPER,2013-11-08T14:13:00
United States,Unemployed Persons,2006-10-31T00:00:00,6727,Monthly,UNITEDSTAUNEPER,2015-04-25T21:40:00
United States,Unemployed Persons,2006-11-30T00:00:00,6872,Monthly,UNITEDSTAUNEPER,2013-11-08T14:13:00
United States,Unemployed Persons,2006-12-31T00:00:00,6762,Monthly,UNITEDSTAUNEPER,2013-11-08T14:13:00
United States,Unemployed Persons,2007-01-31T00:00:00,7116,Monthly,UNITEDSTAUNEPER,2013-11-08T14:13:00
United States,Unemployed Persons,2007-02-28T00:00:00,6927,Monthly,UNITEDSTAUNEPER,2013-11-08T14:13:00
United States,Unemployed Persons,2007-03-31T00:00:00,6731,Monthly,UNITEDSTAUNEPER,2013-11-08T14:13:00
United States,Unemployed Persons,2007-04-30T00:00:00,6850,Monthly,UNITEDSTAUNEPER,2015-04-25T21:40:00
United States,Unemployed Persons,2007-05-31T00:00:00,6766,Monthly,UNITEDSTAUNEPER,2013-11-08T14:13:00
United States,Unemployed Persons,2007-06-30T00:00:00,6979,Monthly,UNITEDSTAUNEPER,2013-11-08T14:13:00
United States,Unemployed Persons,2007-07-31T00:00:00,7149,Monthly,UNITEDSTAUNEPER,2015-04-25T21:40:00
United States,Unemployed Persons,2007-08-31T00:00:00,7067,Monthly,UNITEDSTAUNEPER,2013-11-08T14:13:00
United States,Unemployed Persons,2007-09-30T00:00:00,7170,Monthly,UNITEDSTAUNEPER,2015-04-25T21:40:00
United States,Unemployed Persons,2007-10-31T00:00:00,7237,Monthly,UNITEDSTAUNEPER,2013-11-08T14:13:00
United States,Unemployed Persons,2007-11-30T00:00:00,7240,Monthly,UNITEDSTAUNEPER,2013-11-08T14:13:00
United States,Unemployed Persons,2007-12-31T00:00:00,7645,Monthly,UNITEDSTAUNEPER,2015-04-25T21:40:00
United States,Unemployed Persons,2008-01-31T00:00:00,7685,Monthly,UNITEDSTAUNEPER,2013-11-08T14:13:00
United States,Unemployed Persons,2008-02-29T00:00:00,7497,Monthly,UNITEDSTAUNEPER,2013-11-08T14:13:00
United States,Unemployed Persons,2008-03-31T00:00:00,7822,Monthly,UNITEDSTAUNEPER,2015-04-25T21:40:00
United States,Unemployed Persons,2008-04-30T00:00:00,7637,Monthly,UNITEDSTAUNEPER,2013-11-08T14:13:00
United States,Unemployed Persons,2008-05-31T00:00:00,8395,Monthly,UNITEDSTAUNEPER,2013-11-08T14:13:00
United States,Unemployed Persons,2008-06-30T00:00:00,8575,Monthly,UNITEDSTAUNEPER,2015-04-25T21:40:00
United States,Unemployed Persons,2008-07-31T00:00:00,8937,Monthly,UNITEDSTAUNEPER,2013-11-08T14:13:00
United States,Unemployed Persons,2008-08-31T00:00:00,9438,Monthly,UNITEDSTAUNEPER,2013-11-08T14:13:00
United States,Unemployed Persons,2008-09-30T00:00:00,9494,Monthly,UNITEDSTAUNEPER,2013-11-08T14:13:00
United States,Unemployed Persons,2008-10-31T00:00:00,10074,Monthly,UNITEDSTAUNEPER,2013-11-08T14:13:00
United States,Unemployed Persons,2008-11-30T00:00:00,10538,Monthly,UNITEDSTAUNEPER,2015-04-25T21:40:00
United States,Unemployed Persons,2008-12-31T00:00:00,11286,Monthly,UNITEDSTAUNEPER,2013-11-08T14:13:00
United States,Unemployed Persons,2009-01-31T00:00:00,12058,Monthly,UNITEDSTAUNEPER,2015-04-25T21:40:00
United States,Unemployed Persons,2009-02-28T00:00:00,12898,Monthly,UNITEDSTAUNEPER,2015-04-25T21:40:00
United States,Unemployed Persons,2009-03-31T00:00:00,13426,Monthly,UNITEDSTAUNEPER,2015-04-25T21:40:00
United States,Unemployed Persons,2009-04-30T00:00:00,13853,Monthly,UNITEDSTAUNEPER,2015-04-25T21:40:00
United States,Unemployed Persons,2009-05-31T00:00:00,14499,Monthly,UNITEDSTAUNEPER,2015-04-25T21:40:00
United States,Unemployed Persons,2009-06-30T00:00:00,14707,Monthly,UNITEDSTAUNEPER,2015-04-25T21:40:00
United States,Unemployed Persons,2009-07-31T00:00:00,14601,Monthly,UNITEDSTAUNEPER,2015-04-25T21:40:00
United States,Unemployed Persons,2009-08-31T00:00:00,14814,Monthly,UNITEDSTAUNEPER,2015-04-25T21:40:00
United States,Unemployed Persons,2009-09-30T00:00:00,15009,Monthly,UNITEDSTAUNEPER,2015-04-25T21:40:00
United States,Unemployed Persons,2009-10-31T00:00:00,15352,Monthly,UNITEDSTAUNEPER,2015-04-25T21:40:00
United States,Unemployed Persons,2009-11-30T00:00:00,15219,Monthly,UNITEDSTAUNEPER,2015-04-25T21:40:00
United States,Unemployed Persons,2009-12-31T00:00:00,15098,Monthly,UNITEDSTAUNEPER,2015-04-25T21:40:00
United States,Unemployed Persons,2010-01-31T00:00:00,15046,Monthly,UNITEDSTAUNEPER,2015-04-25T21:40:00
United States,Unemployed Persons,2010-02-28T00:00:00,15113,Monthly,UNITEDSTAUNEPER,2015-04-25T21:40:00
United States,Unemployed Persons,2010-03-31T00:00:00,15202,Monthly,UNITEDSTAUNEPER,2015-04-25T21:40:00
United States,Unemployed Persons,2010-04-30T00:00:00,15325,Monthly,UNITEDSTAUNEPER,2015-04-25T21:40:00
United States,Unemployed Persons,2010-05-31T00:00:00,14849,Monthly,UNITEDSTAUNEPER,2015-04-25T21:40:00
United States,Unemployed Persons,2010-06-30T00:00:00,14474,Monthly,UNITEDSTAUNEPER,2015-04-25T21:40:00
United States,Unemployed Persons,2010-07-31T00:00:00,14512,Monthly,UNITEDSTAUNEPER,2015-04-25T21:40:00
United States,Unemployed Persons,2010-08-31T00:00:00,14648,Monthly,UNITEDSTAUNEPER,2015-04-25T21:40:00
United States,Unemployed Persons,2010-09-30T00:00:00,14579,Monthly,UNITEDSTAUNEPER,2015-04-25T21:40:00
United States,Unemployed Persons,2010-10-31T00:00:00,14516,Monthly,UNITEDSTAUNEPER,2015-04-25T21:40:00
United States,Unemployed Persons,2010-11-30T00:00:00,15081,Monthly,UNITEDSTAUNEPER,2015-04-25T21:40:00
United States,Unemployed Persons,2010-12-31T00:00:00,14348,Monthly,UNITEDSTAUNEPER,2015-04-25T21:40:00
United States,Unemployed Persons,2011-01-31T00:00:00,14013,Monthly,UNITEDSTAUNEPER,2017-04-07T13:46:00
United States,Unemployed Persons,2011-02-28T00:00:00,13820,Monthly,UNITEDSTAUNEPER,2017-04-07T13:46:00
United States,Unemployed Persons,2011-03-31T00:00:00,13737,Monthly,UNITEDSTAUNEPER,2017-04-07T13:46:00
United States,Unemployed Persons,2011-04-30T00:00:00,13957,Monthly,UNITEDSTAUNEPER,2017-04-07T13:46:00
United States,Unemployed Persons,2011-05-31T00:00:00,13855,Monthly,UNITEDSTAUNEPER,2017-04-07T13:46:00
United States,Unemployed Persons,2011-06-30T00:00:00,13962,Monthly,UNITEDSTAUNEPER,2017-04-07T13:46:00
United States,Unemployed Persons,2011-07-31T00:00:00,13763,Monthly,UNITEDSTAUNEPER,2017-04-07T13:46:00
United States,Unemployed Persons,2011-08-31T00:00:00,13818,Monthly,UNITEDSTAUNEPER,2017-04-07T13:46:00
United States,Unemployed Persons,2011-09-30T00:00:00,13948,Monthly,UNITEDSTAUNEPER,2017-04-07T13:46:00
United States,Unemployed Persons,2011-10-31T00:00:00,13594,Monthly,UNITEDSTAUNEPER,2017-04-07T13:46:00
United States,Unemployed Persons,2011-11-30T00:00:00,13302,Monthly,UNITEDSTAUNEPER,2017-04-07T13:46:00
United States,Unemployed Persons,2011-12-31T00:00:00,13093,Monthly,UNITEDSTAUNEPER,2017-04-07T13:46:00
United States,Unemployed Persons,2012-01-31T00:00:00,12797,Monthly,UNITEDSTAUNEPER,2017-04-07T13:46:00
United States,Unemployed Persons,2012-02-29T00:00:00,12813,Monthly,UNITEDSTAUNEPER,2017-04-07T13:46:00
United States,Unemployed Persons,2012-03-31T00:00:00,12713,Monthly,UNITEDSTAUNEPER,2017-04-07T13:46:00
United States,Unemployed Persons,2012-04-30T00:00:00,12646,Monthly,UNITEDSTAUNEPER,2017-04-07T13:46:00
United States,Unemployed Persons,2012-05-31T00:00:00,12660,Monthly,UNITEDSTAUNEPER,2017-04-07T13:46:00
United States,Unemployed Persons,2012-06-30T00:00:00,12692,Monthly,UNITEDSTAUNEPER,2017-04-07T13:46:00
United States,Unemployed Persons,2012-07-31T00:00:00,12656,Monthly,UNITEDSTAUNEPER,2017-04-07T13:46:00
United States,Unemployed Persons,2012-08-31T00:00:00,12471,Monthly,UNITEDSTAUNEPER,2017-04-07T13:46:00
United States,Unemployed Persons,2012-09-30T00:00:00,12115,Monthly,UNITEDSTAUNEPER,2017-04-07T13:46:00
United States,Unemployed Persons,2012-10-31T00:00:00,12124,Monthly,UNITEDSTAUNEPER,2017-04-07T13:46:00
United States,Unemployed Persons,2012-11-30T00:00:00,12005,Monthly,UNITEDSTAUNEPER,2017-04-07T13:46:00
United States,Unemployed Persons,2012-12-31T00:00:00,12298,Monthly,UNITEDSTAUNEPER,2017-04-07T13:46:00
United States,Unemployed Persons,2013-01-31T00:00:00,12471,Monthly,UNITEDSTAUNEPER,2018-02-02T16:33:00
United States,Unemployed Persons,2013-02-28T00:00:00,11950,Monthly,UNITEDSTAUNEPER,2018-02-02T16:32:00
United States,Unemployed Persons,2013-03-31T00:00:00,11689,Monthly,UNITEDSTAUNEPER,2018-02-02T16:32:00
United States,Unemployed Persons,2013-04-30T00:00:00,11760,Monthly,UNITEDSTAUNEPER,2018-02-02T16:32:00
United States,Unemployed Persons,2013-05-31T00:00:00,11654,Monthly,UNITEDSTAUNEPER,2018-02-02T16:32:00
United States,Unemployed Persons,2013-06-30T00:00:00,11751,Monthly,UNITEDSTAUNEPER,2018-02-02T16:32:00
United States,Unemployed Persons,2013-07-31T00:00:00,11335,Monthly,UNITEDSTAUNEPER,2018-02-02T16:32:00
United States,Unemployed Persons,2013-08-31T00:00:00,11279,Monthly,UNITEDSTAUNEPER,2018-02-02T16:32:00
United States,Unemployed Persons,2013-09-30T00:00:00,11270,Monthly,UNITEDSTAUNEPER,2018-02-02T16:32:00
United States,Unemployed Persons,2013-10-31T00:00:00,11136,Monthly,UNITEDSTAUNEPER,2018-02-02T16:32:00
United States,Unemployed Persons,2013-11-30T00:00:00,10787,Monthly,UNITEDSTAUNEPER,2018-02-02T16:32:00
United States,Unemployed Persons,2013-12-31T00:00:00,10404,Monthly,UNITEDSTAUNEPER,2018-02-02T16:32:00
United States,Unemployed Persons,2014-01-31T00:00:00,10202,Monthly,UNITEDSTAUNEPER,2019-01-04T14:09:00
United States,Unemployed Persons,2014-02-28T00:00:00,10349,Monthly,UNITEDSTAUNEPER,2019-01-04T14:09:00
United States,Unemployed Persons,2014-03-31T00:00:00,10380,Monthly,UNITEDSTAUNEPER,2019-01-04T14:09:00
United States,Unemployed Persons,2014-04-30T00:00:00,9702,Monthly,UNITEDSTAUNEPER,2019-01-04T14:09:00
United States,Unemployed Persons,2014-05-31T00:00:00,9859,Monthly,UNITEDSTAUNEPER,2019-01-04T14:09:00
United States,Unemployed Persons,2014-06-30T00:00:00,9460,Monthly,UNITEDSTAUNEPER,2019-01-04T14:09:00
United States,Unemployed Persons,2014-07-31T00:00:00,9608,Monthly,UNITEDSTAUNEPER,2019-01-04T14:09:00
United States,Unemployed Persons,2014-08-31T00:00:00,9599,Monthly,UNITEDSTAUNEPER,2019-01-04T14:09:00
United States,Unemployed Persons,2014-09-30T00:00:00,9262,Monthly,UNITEDSTAUNEPER,2019-01-04T14:09:00
United States,Unemployed Persons,2014-10-31T00:00:00,8990,Monthly,UNITEDSTAUNEPER,2019-01-04T14:09:00
United States,Unemployed Persons,2014-11-30T00:00:00,9090,Monthly,UNITEDSTAUNEPER,2019-01-04T14:09:00
United States,Unemployed Persons,2014-12-31T00:00:00,8717,Monthly,UNITEDSTAUNEPER,2019-01-04T14:09:00
United States,Unemployed Persons,2015-01-31T00:00:00,8885,Monthly,UNITEDSTAUNEPER,2020-01-10T14:02:00
United States,Unemployed Persons,2015-02-28T00:00:00,8599,Monthly,UNITEDSTAUNEPER,2020-01-10T14:02:00
United States,Unemployed Persons,2015-03-31T00:00:00,8515,Monthly,UNITEDSTAUNEPER,2020-01-10T14:02:00
United States,Unemployed Persons,2015-04-30T00:00:00,8550,Monthly,UNITEDSTAUNEPER,2020-01-10T14:02:00
United States,Unemployed Persons,2015-05-31T00:00:00,8834,Monthly,UNITEDSTAUNEPER,2020-01-10T14:02:00
United States,Unemployed Persons,2015-06-30T00:00:00,8247,Monthly,UNITEDSTAUNEPER,2020-01-10T14:02:00
United States,Unemployed Persons,2015-07-31T00:00:00,8167,Monthly,UNITEDSTAUNEPER,2020-01-10T14:02:00
United States,Unemployed Persons,2015-08-31T00:00:00,7992,Monthly,UNITEDSTAUNEPER,2020-01-10T14:02:00
United States,Unemployed Persons,2015-09-30T00:00:00,7907,Monthly,UNITEDSTAUNEPER,2020-01-10T14:02:00
United States,Unemployed Persons,2015-10-31T00:00:00,7922,Monthly,UNITEDSTAUNEPER,2020-01-10T14:02:00
United States,Unemployed Persons,2015-11-30T00:00:00,8000,Monthly,UNITEDSTAUNEPER,2020-01-10T14:02:00
United States,Unemployed Persons,2015-12-31T00:00:00,7907,Monthly,UNITEDSTAUNEPER,2020-01-10T14:02:00
United States,Unemployed Persons,2016-01-31T00:00:00,7627,Monthly,UNITEDSTAUNEPER,2021-01-08T13:50:00
United States,Unemployed Persons,2016-02-29T00:00:00,7702,Monthly,UNITEDSTAUNEPER,2021-01-08T13:50:00
United States,Unemployed Persons,2016-03-31T00:00:00,7961,Monthly,UNITEDSTAUNEPER,2021-01-08T13:50:00
United States,Unemployed Persons,2016-04-30T00:00:00,8067,Monthly,UNITEDSTAUNEPER,2021-01-08T13:50:00
United States,Unemployed Persons,2016-05-31T00:00:00,7652,Monthly,UNITEDSTAUNEPER,2021-01-08T13:50:00
United States,Unemployed Persons,2016-06-30T00:00:00,7744,Monthly,UNITEDSTAUNEPER,2021-01-08T13:50:00
United States,Unemployed Persons,2016-07-31T00:00:00,7641,Monthly,UNITEDSTAUNEPER,2021-01-08T13:50:00
United States,Unemployed Persons,2016-08-31T00:00:00,7784,Monthly,UNITEDSTAUNEPER,2021-01-08T13:50:00
United States,Unemployed Persons,2016-09-30T00:00:00,7953,Monthly,UNITEDSTAUNEPER,2021-01-08T13:50:00
United States,Unemployed Persons,2016-10-31T00:00:00,7811,Monthly,UNITEDSTAUNEPER,2021-01-08T13:50:00
United States,Unemployed Persons,2016-11-30T00:00:00,7553,Monthly,UNITEDSTAUNEPER,2021-01-08T13:50:00
United States,Unemployed Persons,2016-12-31T00:00:00,7521,Monthly,UNITEDSTAUNEPER,2021-01-08T13:50:00
United States,Unemployed Persons,2017-01-31T00:00:00,7468,Monthly,UNITEDSTAUNEPER,2022-01-07T13:58:00
United States,Unemployed Persons,2017-02-28T00:00:00,7379,Monthly,UNITEDSTAUNEPER,2022-01-07T13:58:00
United States,Unemployed Persons,2017-03-31T00:00:00,7073,Monthly,UNITEDSTAUNEPER,2022-01-07T13:58:00
United States,Unemployed Persons,2017-04-30T00:00:00,7089,Monthly,UNITEDSTAUNEPER,2022-01-07T13:58:00
United States,Unemployed Persons,2017-05-31T00:00:00,7000,Monthly,UNITEDSTAUNEPER,2022-01-07T13:58:00
United States,Unemployed Persons,2017-06-30T00:00:00,6873,Monthly,UNITEDSTAUNEPER,2022-01-07T13:58:00
United States,Unemployed Persons,2017-07-31T00:00:00,6892,Monthly,UNITEDSTAUNEPER,2022-01-07T13:58:00
United States,Unemployed Persons,2017-08-31T00:00:00,7082,Monthly,UNITEDSTAUNEPER,2022-01-07T13:58:00
United States,Unemployed Persons,2017-09-30T00:00:00,6854,Monthly,UNITEDSTAUNEPER,2022-01-07T13:58:00
United States,Unemployed Persons,2017-10-31T00:00:00,6700,Monthly,UNITEDSTAUNEPER,2022-01-07T13:58:00
United States,Unemployed Persons,2017-11-30T00:00:00,6774,Monthly,UNITEDSTAUNEPER,2022-01-07T13:58:00
United States,Unemployed Persons,2017-12-31T00:00:00,6632,Monthly,UNITEDSTAUNEPER,2021-01-08T13:50:00
United States,Unemployed Persons,2018-01-31T00:00:00,6505,Monthly,UNITEDSTAUNEPER,2022-01-07T13:58:00
United States,Unemployed Persons,2018-02-28T00:00:00,6586,Monthly,UNITEDSTAUNEPER,2022-01-07T13:58:00
United States,Unemployed Persons,2018-03-31T00:00:00,6457,Monthly,UNITEDSTAUNEPER,2022-01-07T13:58:00
United States,Unemployed Persons,2018-04-30T00:00:00,6448,Monthly,UNITEDSTAUNEPER,2022-01-07T13:58:00
United States,Unemployed Persons,2018-05-31T00:00:00,6188,Monthly,UNITEDSTAUNEPER,2022-01-07T13:58:00
United States,Unemployed Persons,2018-06-30T00:00:00,6446,Monthly,UNITEDSTAUNEPER,2022-01-07T13:58:00
United States,Unemployed Persons,2018-07-31T00:00:00,6173,Monthly,UNITEDSTAUNEPER,2022-01-07T13:58:00
United States,Unemployed Persons,2018-08-31T00:00:00,6167,Monthly,UNITEDSTAUNEPER,2020-01-10T14:02:00
United States,Unemployed Persons,2018-09-30T00:00:00,6065,Monthly,UNITEDSTAUNEPER,2022-01-07T13:58:00
United States,Unemployed Persons,2018-10-31T00:00:00,6230,Monthly,UNITEDSTAUNEPER,2022-01-07T13:58:00
United States,Unemployed Persons,2018-11-30T00:00:00,6132,Monthly,UNITEDSTAUNEPER,2022-01-07T13:58:00
United States,Unemployed Persons,2018-12-31T00:00:00,6379,Monthly,UNITEDSTAUNEPER,2021-01-08T13:50:00
United States,Unemployed Persons,2019-01-31T00:00:00,6458,Monthly,UNITEDSTAUNEPER,2022-01-07T13:58:00
United States,Unemployed Persons,2019-02-28T00:00:00,6122,Monthly,UNITEDSTAUNEPER,2022-01-07T13:58:00
United States,Unemployed Persons,2019-03-31T00:00:00,6166,Monthly,UNITEDSTAUNEPER,2022-01-07T13:58:00
United States,Unemployed Persons,2019-04-30T00:00:00,5898,Monthly,UNITEDSTAUNEPER,2022-01-07T13:58:00
United States,Unemployed Persons,2019-05-31T00:00:00,5935,Monthly,UNITEDSTAUNEPER,2022-01-07T13:58:00
United States,Unemployed Persons,2019-06-30T00:00:00,5906,Monthly,UNITEDSTAUNEPER,2022-01-07T13:58:00
United States,Unemployed Persons,2019-07-31T00:00:00,5984,Monthly,UNITEDSTAUNEPER,2022-01-07T13:58:00
United States,Unemployed Persons,2019-08-31T00:00:00,5993,Monthly,UNITEDSTAUNEPER,2022-01-07T13:58:00
United States,Unemployed Persons,2019-09-30T00:00:00,5766,Monthly,UNITEDSTAUNEPER,2022-01-07T13:58:00
United States,Unemployed Persons,2019-10-31T00:00:00,5980,Monthly,UNITEDSTAUNEPER,2022-01-07T13:58:00
United States,Unemployed Persons,2019-11-30T00:00:00,5930,Monthly,UNITEDSTAUNEPER,2022-01-07T13:58:00
United States,Unemployed Persons,2019-12-31T00:00:00,5861,Monthly,UNITEDSTAUNEPER,2022-01-07T13:58:00
United States,Unemployed Persons,2020-01-31T00:00:00,5826,Monthly,UNITEDSTAUNEPER,2022-01-07T13:58:00
United States,Unemployed Persons,2020-02-29T00:00:00,5717,Monthly,UNITEDSTAUNEPER,2021-01-08T13:50:00
United States,Unemployed Persons,2020-03-31T00:00:00,7165,Monthly,UNITEDSTAUNEPER,2022-01-07T13:58:00
United States,Unemployed Persons,2020-04-30T00:00:00,23038,Monthly,UNITEDSTAUNEPER,2022-01-07T13:58:00
United States,Unemployed Persons,2020-05-31T00:00:00,20940,Monthly,UNITEDSTAUNEPER,2022-01-07T13:58:00
United States,Unemployed Persons,2020-06-30T00:00:00,17616,Monthly,UNITEDSTAUNEPER,2022-01-07T13:58:00
United States,Unemployed Persons,2020-07-31T00:00:00,16288,Monthly,UNITEDSTAUNEPER,2022-01-07T13:58:00
United States,Unemployed Persons,2020-08-31T00:00:00,13532,Monthly,UNITEDSTAUNEPER,2022-01-07T13:58:00
United States,Unemployed Persons,2020-09-30T00:00:00,12584,Monthly,UNITEDSTAUNEPER,2022-01-07T13:58:00
United States,Unemployed Persons,2020-10-31T00:00:00,11115,Monthly,UNITEDSTAUNEPER,2022-01-07T13:58:00
United States,Unemployed Persons,2020-11-30T00:00:00,10777,Monthly,UNITEDSTAUNEPER,2022-01-07T13:58:00
United States,Unemployed Persons,2020-12-31T00:00:00,10789,Monthly,UNITEDSTAUNEPER,2022-01-07T13:58:00
United States,Unemployed Persons,2021-01-31T00:00:00,10180,Monthly,UNITEDSTAUNEPER,2022-01-07T13:58:00
United States,Unemployed Persons,2021-02-28T00:00:00,9992,Monthly,UNITEDSTAUNEPER,2022-01-07T13:58:00
United States,Unemployed Persons,2021-03-31T00:00:00,9691,Monthly,UNITEDSTAUNEPER,2022-01-07T13:58:00
United States,Unemployed Persons,2021-04-30T00:00:00,9719,Monthly,UNITEDSTAUNEPER,2022-01-07T13:58:00
United States,Unemployed Persons,2021-05-31T00:00:00,9251,Monthly,UNITEDSTAUNEPER,2022-01-07T13:58:00
United States,Unemployed Persons,2021-06-30T00:00:00,9502,Monthly,UNITEDSTAUNEPER,2022-01-07T13:58:00
United States,Unemployed Persons,2021-07-31T00:00:00,8671,Monthly,UNITEDSTAUNEPER,2022-01-07T13:58:00
United States,Unemployed Persons,2021-08-31T00:00:00,8339,Monthly,UNITEDSTAUNEPER,2022-01-07T13:58:00
United States,Unemployed Persons,2021-09-30T00:00:00,7666,Monthly,UNITEDSTAUNEPER,2022-01-07T13:58:00
United States,Unemployed Persons,2021-10-31T00:00:00,7375,Monthly,UNITEDSTAUNEPER,2022-01-07T13:58:00
United States,Unemployed Persons,2021-11-30T00:00:00,6802,Monthly,UNITEDSTAUNEPER,2022-01-07T13:39:00
United States,Unemployed Persons,2021-12-31T00:00:00,6319,Monthly,UNITEDSTAUNEPER,2022-01-07T13:39:00
United States,Unemployed Persons,2022-01-31T00:00:00,6513,Monthly,UNITEDSTAUNEPER,2022-02-05T10:06:00
United States,Unemployed Persons,2022-02-28T00:00:00,6270,Monthly,UNITEDSTAUNEPER,2022-03-04T13:36:00
United States,Unemployed Persons,2022-03-31T00:00:00,5952,Monthly,UNITEDSTAUNEPER,2022-04-01T12:37:00
United States,Unemployed Persons,2022-04-30T00:00:00,5941,Monthly,UNITEDSTAUNEPER,2022-05-06T12:41:00
United States,Unemployed Persons,2022-05-31T00:00:00,5950,Monthly,UNITEDSTAUNEPER,2022-06-03T12:37:00
United States,Unemployed Persons,2022-06-30T00:00:00,5912,Monthly,UNITEDSTAUNEPER,2022-07-08T12:35:00
United States,Unemployed Persons,2022-07-31T00:00:00,5670,Monthly,UNITEDSTAUNEPER,2022-08-05T12:44:00
United States,Unemployed Persons,2022-08-31T00:00:00,6014,Monthly,UNITEDSTAUNEPER,2022-09-02T12:43:00
United States,Unemployed Persons,2022-09-30T00:00:00,5753,Monthly,UNITEDSTAUNEPER,2022-10-07T12:35:00
United States,Unemployed Persons,2022-10-31T00:00:00,6059,Monthly,UNITEDSTAUNEPER,2022-11-04T12:34:00
United States,Unemployed Persons,2022-11-30T00:00:00,6011,Monthly,UNITEDSTAUNEPER,2022-12-02T13:34:00
