Country,Category,DateTime,Value,Frequency,HistoricalDataSymbol,LastUpdate
United States,Youth Unemployment Rate,1948-01-31T00:00:00,6.8,Monthly,UnitedStaYouUneRat,2020-01-10T14:37:00
United States,Youth Unemployment Rate,1948-02-28T00:00:00,7.7,Monthly,UnitedStaYouUneRat,2020-01-10T14:37:00
United States,Youth Unemployment Rate,1948-03-31T00:00:00,8.7,Monthly,UnitedStaYouUneRat,2020-01-10T14:37:00
United States,Youth Unemployment Rate,1948-04-30T00:00:00,7.8,Monthly,UnitedStaYouUneRat,2020-01-10T14:37:00
United States,Youth Unemployment Rate,1948-05-31T00:00:00,6.7,Monthly,UnitedStaYouUneRat,2020-01-10T14:37:00
United States,Youth Unemployment Rate,1948-06-30T00:00:00,7.3,Monthly,UnitedStaYouUneRat,2020-01-10T14:37:00
United States,Youth Unemployment Rate,1948-07-31T00:00:00,7.5,Monthly,UnitedStaYouUneRat,2020-01-10T14:37:00
United States,Youth Unemployment Rate,1948-08-31T00:00:00,7.1,Monthly,UnitedStaYouUneRat,2020-01-10T14:37:00
United States,Youth Unemployment Rate,1948-09-30T00:00:00,6.7,Monthly,UnitedStaYouUneRat,2020-01-10T14:37:00
United States,Youth Unemployment Rate,1948-10-31T00:00:00,6.4,Monthly,UnitedStaYouUneRat,2020-01-10T14:37:00
United States,Youth Unemployment Rate,1948-11-30T00:00:00,6.8,Monthly,UnitedStaYouUneRat,2020-01-10T14:37:00
United States,Youth Unemployment Rate,1948-12-31T00:00:00,7.2,Monthly,UnitedStaYouUneRat,2020-01-10T14:37:00
United States,Youth Unemployment Rate,1949-01-31T00:00:00,8,Monthly,UnitedStaYouUneRat,2020-01-10T14:37:00
United States,Youth Unemployment Rate,1949-02-28T00:00:00,8.7,Monthly,UnitedStaYouUneRat,2020-01-10T14:37:00
United States,Youth Unemployment Rate,1949-03-31T00:00:00,9.3,Monthly,UnitedStaYouUneRat,2020-01-10T14:37:00
United States,Youth Unemployment Rate,1949-04-30T00:00:00,10,Monthly,UnitedStaYouUneRat,2020-01-10T14:37:00
United States,Youth Unemployment Rate,1949-05-31T00:00:00,11,Monthly,UnitedStaYouUneRat,2020-01-10T14:37:00
United States,Youth Unemployment Rate,1949-06-30T00:00:00,11.2,Monthly,UnitedStaYouUneRat,2020-01-10T14:37:00
United States,Youth Unemployment Rate,1949-07-31T00:00:00,11.9,Monthly,UnitedStaYouUneRat,2020-01-10T14:37:00
United States,Youth Unemployment Rate,1949-08-31T00:00:00,12.5,Monthly,UnitedStaYouUneRat,2020-01-10T14:37:00
United States,Youth Unemployment Rate,1949-09-30T00:00:00,11.8,Monthly,UnitedStaYouUneRat,2020-01-10T14:37:00
United States,Youth Unemployment Rate,1949-10-31T00:00:00,12.9,Monthly,UnitedStaYouUneRat,2020-01-10T14:37:00
United States,Youth Unemployment Rate,1949-11-30T00:00:00,11.4,Monthly,UnitedStaYouUneRat,2020-01-10T14:37:00
United States,Youth Unemployment Rate,1949-12-31T00:00:00,11.6,Monthly,UnitedStaYouUneRat,2020-01-10T14:37:00
United States,Youth Unemployment Rate,1950-01-31T00:00:00,12.2,Monthly,UnitedStaYouUneRat,2020-01-10T14:37:00
United States,Youth Unemployment Rate,1950-02-28T00:00:00,11.8,Monthly,UnitedStaYouUneRat,2020-01-10T14:37:00
United States,Youth Unemployment Rate,1950-03-31T00:00:00,10.9,Monthly,UnitedStaYouUneRat,2020-01-10T14:37:00
United States,Youth Unemployment Rate,1950-04-30T00:00:00,9.7,Monthly,UnitedStaYouUneRat,2020-01-10T14:37:00
United States,Youth Unemployment Rate,1950-05-31T00:00:00,10,Monthly,UnitedStaYouUneRat,2020-01-10T14:37:00
United States,Youth Unemployment Rate,1950-06-30T00:00:00,9.3,Monthly,UnitedStaYouUneRat,2020-01-10T14:37:00
United States,Youth Unemployment Rate,1950-07-31T00:00:00,8.7,Monthly,UnitedStaYouUneRat,2020-01-10T14:37:00
United States,Youth Unemployment Rate,1950-08-31T00:00:00,8,Monthly,UnitedStaYouUneRat,2020-01-10T14:37:00
United States,Youth Unemployment Rate,1950-09-30T00:00:00,8.7,Monthly,UnitedStaYouUneRat,2020-01-10T14:37:00
United States,Youth Unemployment Rate,1950-10-31T00:00:00,6.9,Monthly,UnitedStaYouUneRat,2020-01-10T14:37:00
United States,Youth Unemployment Rate,1950-11-30T00:00:00,7.1,Monthly,UnitedStaYouUneRat,2020-01-10T14:37:00
United States,Youth Unemployment Rate,1950-12-31T00:00:00,7.4,Monthly,UnitedStaYouUneRat,2020-01-10T14:37:00
United States,Youth Unemployment Rate,1951-01-31T00:00:00,5.9,Monthly,UnitedStaYouUneRat,2020-01-10T14:37:00
United States,Youth Unemployment Rate,1951-02-28T00:00:00,5.5,Monthly,UnitedStaYouUneRat,2020-01-10T14:37:00
United States,Youth Unemployment Rate,1951-03-31T00:00:00,5.8,Monthly,UnitedStaYouUneRat,2020-01-10T14:37:00
United States,Youth Unemployment Rate,1951-04-30T00:00:00,5.5,Monthly,UnitedStaYouUneRat,2020-01-10T14:37:00
United States,Youth Unemployment Rate,1951-05-31T00:00:00,4.8,Monthly,UnitedStaYouUneRat,2020-01-10T14:37:00
United States,Youth Unemployment Rate,1951-06-30T00:00:00,5.7,Monthly,UnitedStaYouUneRat,2020-01-10T14:37:00
United States,Youth Unemployment Rate,1951-07-31T00:00:00,5.9,Monthly,UnitedStaYouUneRat,2020-01-10T14:37:00
United States,Youth Unemployment Rate,1951-08-31T00:00:00,5.4,Monthly,UnitedStaYouUneRat,2020-01-10T14:37:00
United States,Youth Unemployment Rate,1951-09-30T00:00:00,5.8,Monthly,UnitedStaYouUneRat,2020-01-10T14:37:00
United States,Youth Unemployment Rate,1951-10-31T00:00:00,5.7,Monthly,UnitedStaYouUneRat,2020-01-10T14:37:00
United States,Youth Unemployment Rate,1951-11-30T00:00:00,6.6,Monthly,UnitedStaYouUneRat,2020-01-10T14:37:00
United States,Youth Unemployment Rate,1951-12-31T00:00:00,5.3,Monthly,UnitedStaYouUneRat,2020-01-10T14:37:00
United States,Youth Unemployment Rate,1952-01-31T00:00:00,6.2,Monthly,UnitedStaYouUneRat,2020-01-10T14:37:00
United States,Youth Unemployment Rate,1952-02-29T00:00:00,6,Monthly,UnitedStaYouUneRat,2020-01-10T14:37:00
United States,Youth Unemployment Rate,1952-03-31T00:00:00,5.9,Monthly,UnitedStaYouUneRat,2020-01-10T14:37:00
United States,Youth Unemployment Rate,1952-04-30T00:00:00,5.8,Monthly,UnitedStaYouUneRat,2020-01-10T14:37:00
United States,Youth Unemployment Rate,1952-05-31T00:00:00,6.3,Monthly,UnitedStaYouUneRat,2020-01-10T14:37:00
United States,Youth Unemployment Rate,1952-06-30T00:00:00,6,Monthly,UnitedStaYouUneRat,2020-01-10T14:37:00
United States,Youth Unemployment Rate,1952-07-31T00:00:00,6.4,Monthly,UnitedStaYouUneRat,2020-01-10T14:37:00
United States,Youth Unemployment Rate,1952-08-31T00:00:00,6.4,Monthly,UnitedStaYouUneRat,2020-01-10T14:37:00
United States,Youth Unemployment Rate,1952-09-30T00:00:00,7.1,Monthly,UnitedStaYouUneRat,2020-01-10T14:37:00
United States,Youth Unemployment Rate,1952-10-31T00:00:00,6.3,Monthly,UnitedStaYouUneRat,2020-01-10T14:37:00
United States,Youth Unemployment Rate,1952-11-30T00:00:00,5.9,Monthly,UnitedStaYouUneRat,2020-01-10T14:37:00
United States,Youth Unemployment Rate,1952-12-31T00:00:00,5.9,Monthly,UnitedStaYouUneRat,2020-01-10T14:37:00
United States,Youth Unemployment Rate,1953-01-31T00:00:00,5.2,Monthly,UnitedStaYouUneRat,2020-01-10T14:37:00
United States,Youth Unemployment Rate,1953-02-28T00:00:00,4.9,Monthly,UnitedStaYouUneRat,2020-01-10T14:37:00
United States,Youth Unemployment Rate,1953-03-31T00:00:00,5.3,Monthly,UnitedStaYouUneRat,2020-01-10T14:37:00
United States,Youth Unemployment Rate,1953-04-30T00:00:00,5.6,Monthly,UnitedStaYouUneRat,2020-01-10T14:37:00
United States,Youth Unemployment Rate,1953-05-31T00:00:00,4.8,Monthly,UnitedStaYouUneRat,2020-01-10T14:37:00
United States,Youth Unemployment Rate,1953-06-30T00:00:00,5.4,Monthly,UnitedStaYouUneRat,2020-01-10T14:37:00
United States,Youth Unemployment Rate,1953-07-31T00:00:00,5.2,Monthly,UnitedStaYouUneRat,2020-01-10T14:37:00
United States,Youth Unemployment Rate,1953-08-31T00:00:00,6.1,Monthly,UnitedStaYouUneRat,2020-01-10T14:37:00
United States,Youth Unemployment Rate,1953-09-30T00:00:00,6,Monthly,UnitedStaYouUneRat,2020-01-10T14:37:00
United States,Youth Unemployment Rate,1953-10-31T00:00:00,6.6,Monthly,UnitedStaYouUneRat,2020-01-10T14:37:00
United States,Youth Unemployment Rate,1953-11-30T00:00:00,7.1,Monthly,UnitedStaYouUneRat,2020-01-10T14:37:00
United States,Youth Unemployment Rate,1953-12-31T00:00:00,9.8,Monthly,UnitedStaYouUneRat,2020-01-10T14:37:00
United States,Youth Unemployment Rate,1954-01-31T00:00:00,10.2,Monthly,UnitedStaYouUneRat,2020-01-10T14:37:00
United States,Youth Unemployment Rate,1954-02-28T00:00:00,11.1,Monthly,UnitedStaYouUneRat,2020-01-10T14:37:00
United States,Youth Unemployment Rate,1954-03-31T00:00:00,10.8,Monthly,UnitedStaYouUneRat,2020-01-10T14:37:00
United States,Youth Unemployment Rate,1954-04-30T00:00:00,11.4,Monthly,UnitedStaYouUneRat,2020-01-10T14:37:00
United States,Youth Unemployment Rate,1954-05-31T00:00:00,11.1,Monthly,UnitedStaYouUneRat,2020-01-10T14:37:00
United States,Youth Unemployment Rate,1954-06-30T00:00:00,9.5,Monthly,UnitedStaYouUneRat,2020-01-10T14:37:00
United States,Youth Unemployment Rate,1954-07-31T00:00:00,10.7,Monthly,UnitedStaYouUneRat,2020-01-10T14:37:00
United States,Youth Unemployment Rate,1954-08-31T00:00:00,11.1,Monthly,UnitedStaYouUneRat,2020-01-10T14:37:00
United States,Youth Unemployment Rate,1954-09-30T00:00:00,12.1,Monthly,UnitedStaYouUneRat,2020-01-10T14:37:00
United States,Youth Unemployment Rate,1954-10-31T00:00:00,10.4,Monthly,UnitedStaYouUneRat,2020-01-10T14:37:00
United States,Youth Unemployment Rate,1954-11-30T00:00:00,10.3,Monthly,UnitedStaYouUneRat,2020-01-10T14:37:00
United States,Youth Unemployment Rate,1954-12-31T00:00:00,10,Monthly,UnitedStaYouUneRat,2020-01-10T14:37:00
United States,Youth Unemployment Rate,1955-01-31T00:00:00,9.6,Monthly,UnitedStaYouUneRat,2015-04-25T21:41:00
United States,Youth Unemployment Rate,1955-02-28T00:00:00,9,Monthly,UnitedStaYouUneRat,2013-11-06T17:08:00
United States,Youth Unemployment Rate,1955-03-31T00:00:00,8.6,Monthly,UnitedStaYouUneRat,2013-11-06T17:08:00
United States,Youth Unemployment Rate,1955-04-30T00:00:00,8.6,Monthly,UnitedStaYouUneRat,2013-11-06T17:08:00
United States,Youth Unemployment Rate,1955-05-31T00:00:00,8.7,Monthly,UnitedStaYouUneRat,2015-04-25T21:41:00
United States,Youth Unemployment Rate,1955-06-30T00:00:00,8.7,Monthly,UnitedStaYouUneRat,2013-11-06T17:08:00
United States,Youth Unemployment Rate,1955-07-31T00:00:00,8.5,Monthly,UnitedStaYouUneRat,2013-11-06T17:08:00
United States,Youth Unemployment Rate,1955-08-31T00:00:00,8.6,Monthly,UnitedStaYouUneRat,2013-11-06T17:08:00
United States,Youth Unemployment Rate,1955-09-30T00:00:00,9,Monthly,UnitedStaYouUneRat,2013-11-06T17:08:00
United States,Youth Unemployment Rate,1955-10-31T00:00:00,8.4,Monthly,UnitedStaYouUneRat,2015-04-25T21:41:00
United States,Youth Unemployment Rate,1955-11-30T00:00:00,8.4,Monthly,UnitedStaYouUneRat,2013-11-06T17:08:00
United States,Youth Unemployment Rate,1955-12-31T00:00:00,8.2,Monthly,UnitedStaYouUneRat,2013-11-06T17:08:00
United States,Youth Unemployment Rate,1956-01-31T00:00:00,8.1,Monthly,UnitedStaYouUneRat,2015-04-25T21:41:00
United States,Youth Unemployment Rate,1956-02-29T00:00:00,8,Monthly,UnitedStaYouUneRat,2013-11-06T17:08:00
United States,Youth Unemployment Rate,1956-03-31T00:00:00,8.7,Monthly,UnitedStaYouUneRat,2013-11-06T17:08:00
United States,Youth Unemployment Rate,1956-04-30T00:00:00,8.4,Monthly,UnitedStaYouUneRat,2015-04-25T21:41:00
United States,Youth Unemployment Rate,1956-05-31T00:00:00,9,Monthly,UnitedStaYouUneRat,2013-11-06T17:08:00
United States,Youth Unemployment Rate,1956-06-30T00:00:00,9.2,Monthly,UnitedStaYouUneRat,2013-11-06T17:08:00
United States,Youth Unemployment Rate,1956-07-31T00:00:00,8.9,Monthly,UnitedStaYouUneRat,2015-04-25T21:41:00
United States,Youth Unemployment Rate,1956-08-31T00:00:00,8.1,Monthly,UnitedStaYouUneRat,2013-11-06T17:08:00
United States,Youth Unemployment Rate,1956-09-30T00:00:00,7.8,Monthly,UnitedStaYouUneRat,2015-04-25T21:41:00
United States,Youth Unemployment Rate,1956-10-31T00:00:00,8.1,Monthly,UnitedStaYouUneRat,2013-11-06T17:08:00
United States,Youth Unemployment Rate,1956-11-30T00:00:00,9,Monthly,UnitedStaYouUneRat,2013-11-06T17:08:00
United States,Youth Unemployment Rate,1956-12-31T00:00:00,8.3,Monthly,UnitedStaYouUneRat,2015-04-25T21:41:00
United States,Youth Unemployment Rate,1957-01-31T00:00:00,8.8,Monthly,UnitedStaYouUneRat,2013-11-06T17:08:00
United States,Youth Unemployment Rate,1957-02-28T00:00:00,8.4,Monthly,UnitedStaYouUneRat,2013-11-06T17:08:00
United States,Youth Unemployment Rate,1957-03-31T00:00:00,8,Monthly,UnitedStaYouUneRat,2013-11-06T17:08:00
United States,Youth Unemployment Rate,1957-04-30T00:00:00,8.5,Monthly,UnitedStaYouUneRat,2013-11-06T17:08:00
United States,Youth Unemployment Rate,1957-05-31T00:00:00,8.6,Monthly,UnitedStaYouUneRat,2013-11-06T17:08:00
United States,Youth Unemployment Rate,1957-06-30T00:00:00,9.1,Monthly,UnitedStaYouUneRat,2015-04-25T21:41:00
United States,Youth Unemployment Rate,1957-07-31T00:00:00,8.6,Monthly,UnitedStaYouUneRat,2013-11-06T17:08:00
United States,Youth Unemployment Rate,1957-08-31T00:00:00,8.9,Monthly,UnitedStaYouUneRat,2013-11-06T17:08:00
United States,Youth Unemployment Rate,1957-09-30T00:00:00,8.8,Monthly,UnitedStaYouUneRat,2015-04-25T21:41:00
United States,Youth Unemployment Rate,1957-10-31T00:00:00,8.8,Monthly,UnitedStaYouUneRat,2013-11-06T17:08:00
United States,Youth Unemployment Rate,1957-11-30T00:00:00,10.9,Monthly,UnitedStaYouUneRat,2013-11-06T17:08:00
United States,Youth Unemployment Rate,1957-12-31T00:00:00,10.4,Monthly,UnitedStaYouUneRat,2015-04-25T21:41:00
United States,Youth Unemployment Rate,1958-01-31T00:00:00,11.7,Monthly,UnitedStaYouUneRat,2013-11-06T17:08:00
United States,Youth Unemployment Rate,1958-02-28T00:00:00,12.4,Monthly,UnitedStaYouUneRat,2015-04-25T21:41:00
United States,Youth Unemployment Rate,1958-03-31T00:00:00,12.7,Monthly,UnitedStaYouUneRat,2015-04-25T21:41:00
United States,Youth Unemployment Rate,1958-04-30T00:00:00,14.5,Monthly,UnitedStaYouUneRat,2013-11-06T17:08:00
United States,Youth Unemployment Rate,1958-05-31T00:00:00,13.8,Monthly,UnitedStaYouUneRat,2013-11-06T17:08:00
United States,Youth Unemployment Rate,1958-06-30T00:00:00,13.2,Monthly,UnitedStaYouUneRat,2015-04-25T21:41:00
United States,Youth Unemployment Rate,1958-07-31T00:00:00,14.5,Monthly,UnitedStaYouUneRat,2013-11-06T17:08:00
United States,Youth Unemployment Rate,1958-08-31T00:00:00,13.5,Monthly,UnitedStaYouUneRat,2013-11-06T17:08:00
United States,Youth Unemployment Rate,1958-09-30T00:00:00,13.9,Monthly,UnitedStaYouUneRat,2013-11-06T17:08:00
United States,Youth Unemployment Rate,1958-10-31T00:00:00,13,Monthly,UnitedStaYouUneRat,2013-11-06T17:08:00
United States,Youth Unemployment Rate,1958-11-30T00:00:00,12,Monthly,UnitedStaYouUneRat,2015-04-25T21:41:00
United States,Youth Unemployment Rate,1958-12-31T00:00:00,12.1,Monthly,UnitedStaYouUneRat,2013-11-06T17:08:00
United States,Youth Unemployment Rate,1959-01-31T00:00:00,11.6,Monthly,UnitedStaYouUneRat,2013-11-06T17:08:00
United States,Youth Unemployment Rate,1959-02-28T00:00:00,11.1,Monthly,UnitedStaYouUneRat,2015-04-25T21:41:00
United States,Youth Unemployment Rate,1959-03-31T00:00:00,11.1,Monthly,UnitedStaYouUneRat,2015-04-25T21:41:00
United States,Youth Unemployment Rate,1959-04-30T00:00:00,10.8,Monthly,UnitedStaYouUneRat,2013-11-06T17:08:00
United States,Youth Unemployment Rate,1959-05-31T00:00:00,10,Monthly,UnitedStaYouUneRat,2013-11-06T17:08:00
United States,Youth Unemployment Rate,1959-06-30T00:00:00,10.5,Monthly,UnitedStaYouUneRat,2013-11-06T17:08:00
United States,Youth Unemployment Rate,1959-07-31T00:00:00,10.5,Monthly,UnitedStaYouUneRat,2013-11-06T17:08:00
United States,Youth Unemployment Rate,1959-08-31T00:00:00,11.2,Monthly,UnitedStaYouUneRat,2015-04-25T21:41:00
United States,Youth Unemployment Rate,1959-09-30T00:00:00,11.3,Monthly,UnitedStaYouUneRat,2013-11-06T17:08:00
United States,Youth Unemployment Rate,1959-10-31T00:00:00,11.5,Monthly,UnitedStaYouUneRat,2013-11-06T17:08:00
United States,Youth Unemployment Rate,1959-11-30T00:00:00,11.3,Monthly,UnitedStaYouUneRat,2015-04-25T21:41:00
United States,Youth Unemployment Rate,1959-12-31T00:00:00,11.1,Monthly,UnitedStaYouUneRat,2013-11-06T17:08:00
United States,Youth Unemployment Rate,1960-01-31T00:00:00,10.9,Monthly,UnitedStaYouUneRat,2013-11-06T17:08:00
United States,Youth Unemployment Rate,1960-02-29T00:00:00,10.2,Monthly,UnitedStaYouUneRat,2013-11-06T17:08:00
United States,Youth Unemployment Rate,1960-03-31T00:00:00,11.5,Monthly,UnitedStaYouUneRat,2013-11-06T17:08:00
United States,Youth Unemployment Rate,1960-04-30T00:00:00,10.9,Monthly,UnitedStaYouUneRat,2013-11-06T17:08:00
United States,Youth Unemployment Rate,1960-05-31T00:00:00,10.7,Monthly,UnitedStaYouUneRat,2015-04-25T21:41:00
United States,Youth Unemployment Rate,1960-06-30T00:00:00,11,Monthly,UnitedStaYouUneRat,2013-11-06T17:08:00
United States,Youth Unemployment Rate,1960-07-31T00:00:00,10.8,Monthly,UnitedStaYouUneRat,2013-11-06T17:08:00
United States,Youth Unemployment Rate,1960-08-31T00:00:00,11.4,Monthly,UnitedStaYouUneRat,2013-11-06T17:08:00
United States,Youth Unemployment Rate,1960-09-30T00:00:00,11,Monthly,UnitedStaYouUneRat,2013-11-06T17:08:00
United States,Youth Unemployment Rate,1960-10-31T00:00:00,11.8,Monthly,UnitedStaYouUneRat,2015-04-25T21:41:00
United States,Youth Unemployment Rate,1960-11-30T00:00:00,12,Monthly,UnitedStaYouUneRat,2013-11-06T17:08:00
United States,Youth Unemployment Rate,1960-12-31T00:00:00,13,Monthly,UnitedStaYouUneRat,2013-11-06T17:08:00
United States,Youth Unemployment Rate,1961-01-31T00:00:00,13,Monthly,UnitedStaYouUneRat,2015-04-25T21:41:00
United States,Youth Unemployment Rate,1961-02-28T00:00:00,13.3,Monthly,UnitedStaYouUneRat,2013-11-06T17:08:00
United States,Youth Unemployment Rate,1961-03-31T00:00:00,13.4,Monthly,UnitedStaYouUneRat,2013-11-06T17:08:00
United States,Youth Unemployment Rate,1961-04-30T00:00:00,14.3,Monthly,UnitedStaYouUneRat,2015-04-25T21:41:00
United States,Youth Unemployment Rate,1961-05-31T00:00:00,13.1,Monthly,UnitedStaYouUneRat,2013-11-06T17:08:00
United States,Youth Unemployment Rate,1961-06-30T00:00:00,13.1,Monthly,UnitedStaYouUneRat,2013-11-06T17:08:00
United States,Youth Unemployment Rate,1961-07-31T00:00:00,13.4,Monthly,UnitedStaYouUneRat,2015-04-25T21:41:00
United States,Youth Unemployment Rate,1961-08-31T00:00:00,13,Monthly,UnitedStaYouUneRat,2013-11-06T17:08:00
United States,Youth Unemployment Rate,1961-09-30T00:00:00,13.1,Monthly,UnitedStaYouUneRat,2013-11-06T17:08:00
United States,Youth Unemployment Rate,1961-10-31T00:00:00,12.8,Monthly,UnitedStaYouUneRat,2015-04-25T21:41:00
United States,Youth Unemployment Rate,1961-11-30T00:00:00,12,Monthly,UnitedStaYouUneRat,2013-11-06T17:08:00
United States,Youth Unemployment Rate,1961-12-31T00:00:00,11.9,Monthly,UnitedStaYouUneRat,2013-11-06T17:08:00
United States,Youth Unemployment Rate,1962-01-31T00:00:00,12,Monthly,UnitedStaYouUneRat,2013-11-06T17:08:00
United States,Youth Unemployment Rate,1962-02-28T00:00:00,11.6,Monthly,UnitedStaYouUneRat,2013-11-06T17:08:00
United States,Youth Unemployment Rate,1962-03-31T00:00:00,11.6,Monthly,UnitedStaYouUneRat,2013-11-06T17:08:00
United States,Youth Unemployment Rate,1962-04-30T00:00:00,11.2,Monthly,UnitedStaYouUneRat,2015-04-25T21:41:00
United States,Youth Unemployment Rate,1962-05-31T00:00:00,11,Monthly,UnitedStaYouUneRat,2013-11-06T17:08:00
United States,Youth Unemployment Rate,1962-06-30T00:00:00,10.5,Monthly,UnitedStaYouUneRat,2013-11-06T17:08:00
United States,Youth Unemployment Rate,1962-07-31T00:00:00,11.1,Monthly,UnitedStaYouUneRat,2015-04-25T21:41:00
United States,Youth Unemployment Rate,1962-08-31T00:00:00,11.9,Monthly,UnitedStaYouUneRat,2013-11-06T17:08:00
United States,Youth Unemployment Rate,1962-09-30T00:00:00,11.3,Monthly,UnitedStaYouUneRat,2015-04-25T21:41:00
United States,Youth Unemployment Rate,1962-10-31T00:00:00,11.1,Monthly,UnitedStaYouUneRat,2013-11-06T17:08:00
United States,Youth Unemployment Rate,1962-11-30T00:00:00,11.9,Monthly,UnitedStaYouUneRat,2013-11-06T17:08:00
United States,Youth Unemployment Rate,1962-12-31T00:00:00,11.1,Monthly,UnitedStaYouUneRat,2015-04-25T21:41:00
United States,Youth Unemployment Rate,1963-01-31T00:00:00,11.6,Monthly,UnitedStaYouUneRat,2013-11-06T17:08:00
United States,Youth Unemployment Rate,1963-02-28T00:00:00,12.4,Monthly,UnitedStaYouUneRat,2013-11-06T17:08:00
United States,Youth Unemployment Rate,1963-03-31T00:00:00,12,Monthly,UnitedStaYouUneRat,2013-11-06T17:08:00
United States,Youth Unemployment Rate,1963-04-30T00:00:00,12,Monthly,UnitedStaYouUneRat,2013-11-06T17:08:00
United States,Youth Unemployment Rate,1963-05-31T00:00:00,12.7,Monthly,UnitedStaYouUneRat,2013-11-06T17:08:00
United States,Youth Unemployment Rate,1963-06-30T00:00:00,12.2,Monthly,UnitedStaYouUneRat,2015-04-25T21:41:00
United States,Youth Unemployment Rate,1963-07-31T00:00:00,12.6,Monthly,UnitedStaYouUneRat,2013-11-06T17:08:00
United States,Youth Unemployment Rate,1963-08-31T00:00:00,11.8,Monthly,UnitedStaYouUneRat,2013-11-06T17:08:00
United States,Youth Unemployment Rate,1963-09-30T00:00:00,12.5,Monthly,UnitedStaYouUneRat,2015-04-25T21:41:00
United States,Youth Unemployment Rate,1963-10-31T00:00:00,12.5,Monthly,UnitedStaYouUneRat,2013-11-06T17:08:00
United States,Youth Unemployment Rate,1963-11-30T00:00:00,12.5,Monthly,UnitedStaYouUneRat,2013-11-06T17:08:00
United States,Youth Unemployment Rate,1963-12-31T00:00:00,11.7,Monthly,UnitedStaYouUneRat,2015-04-25T21:41:00
United States,Youth Unemployment Rate,1964-01-31T00:00:00,12.1,Monthly,UnitedStaYouUneRat,2013-11-06T17:08:00
United States,Youth Unemployment Rate,1964-02-29T00:00:00,11.8,Monthly,UnitedStaYouUneRat,2015-04-25T21:41:00
United States,Youth Unemployment Rate,1964-03-31T00:00:00,11.8,Monthly,UnitedStaYouUneRat,2015-04-25T21:41:00
United States,Youth Unemployment Rate,1964-04-30T00:00:00,11.9,Monthly,UnitedStaYouUneRat,2013-11-06T17:08:00
United States,Youth Unemployment Rate,1964-05-31T00:00:00,11.6,Monthly,UnitedStaYouUneRat,2013-11-06T17:08:00
United States,Youth Unemployment Rate,1964-06-30T00:00:00,11.7,Monthly,UnitedStaYouUneRat,2013-11-06T17:08:00
United States,Youth Unemployment Rate,1964-07-31T00:00:00,10.7,Monthly,UnitedStaYouUneRat,2013-11-06T17:08:00
United States,Youth Unemployment Rate,1964-08-31T00:00:00,11.5,Monthly,UnitedStaYouUneRat,2015-04-25T21:41:00
United States,Youth Unemployment Rate,1964-09-30T00:00:00,11.1,Monthly,UnitedStaYouUneRat,2013-11-06T17:08:00
United States,Youth Unemployment Rate,1964-10-31T00:00:00,11.4,Monthly,UnitedStaYouUneRat,2013-11-06T17:08:00
United States,Youth Unemployment Rate,1964-11-30T00:00:00,10.8,Monthly,UnitedStaYouUneRat,2015-04-25T21:41:00
United States,Youth Unemployment Rate,1964-12-31T00:00:00,11.4,Monthly,UnitedStaYouUneRat,2013-11-06T17:08:00
United States,Youth Unemployment Rate,1965-01-31T00:00:00,11.1,Monthly,UnitedStaYouUneRat,2013-11-06T17:08:00
United States,Youth Unemployment Rate,1965-02-28T00:00:00,11.2,Monthly,UnitedStaYouUneRat,2013-11-06T17:08:00
United States,Youth Unemployment Rate,1965-03-31T00:00:00,10.6,Monthly,UnitedStaYouUneRat,2013-11-06T17:08:00
United States,Youth Unemployment Rate,1965-04-30T00:00:00,11.1,Monthly,UnitedStaYouUneRat,2013-11-06T17:08:00
United States,Youth Unemployment Rate,1965-05-31T00:00:00,10.3,Monthly,UnitedStaYouUneRat,2015-04-25T21:41:00
United States,Youth Unemployment Rate,1965-06-30T00:00:00,10.4,Monthly,UnitedStaYouUneRat,2013-11-06T17:08:00
United States,Youth Unemployment Rate,1965-07-31T00:00:00,9.9,Monthly,UnitedStaYouUneRat,2013-11-06T17:08:00
United States,Youth Unemployment Rate,1965-08-31T00:00:00,9.5,Monthly,UnitedStaYouUneRat,2015-04-25T21:41:00
United States,Youth Unemployment Rate,1965-09-30T00:00:00,9.6,Monthly,UnitedStaYouUneRat,2013-11-06T17:08:00
United States,Youth Unemployment Rate,1965-10-31T00:00:00,9.5,Monthly,UnitedStaYouUneRat,2013-11-06T17:08:00
United States,Youth Unemployment Rate,1965-11-30T00:00:00,9.3,Monthly,UnitedStaYouUneRat,2013-11-06T17:08:00
United States,Youth Unemployment Rate,1965-12-31T00:00:00,9.1,Monthly,UnitedStaYouUneRat,2013-11-06T17:08:00
United States,Youth Unemployment Rate,1966-01-31T00:00:00,8.8,Monthly,UnitedStaYouUneRat,2015-04-25T21:41:00
United States,Youth Unemployment Rate,1966-02-28T00:00:00,8.2,Monthly,UnitedStaYouUneRat,2013-11-06T17:08:00
United States,Youth Unemployment Rate,1966-03-31T00:00:00,8.7,Monthly,UnitedStaYouUneRat,2013-11-06T17:08:00
United States,Youth Unemployment Rate,1966-04-30T00:00:00,8.7,Monthly,UnitedStaYouUneRat,2013-11-06T17:08:00
United States,Youth Unemployment Rate,1966-05-31T00:00:00,9,Monthly,UnitedStaYouUneRat,2015-04-25T21:41:00
United States,Youth Unemployment Rate,1966-06-30T00:00:00,8.8,Monthly,UnitedStaYouUneRat,2013-11-06T17:08:00
United States,Youth Unemployment Rate,1966-07-31T00:00:00,8.3,Monthly,UnitedStaYouUneRat,2013-11-06T17:08:00
United States,Youth Unemployment Rate,1966-08-31T00:00:00,8.5,Monthly,UnitedStaYouUneRat,2013-11-06T17:08:00
United States,Youth Unemployment Rate,1966-09-30T00:00:00,8.4,Monthly,UnitedStaYouUneRat,2013-11-06T17:08:00
United States,Youth Unemployment Rate,1966-10-31T00:00:00,8.3,Monthly,UnitedStaYouUneRat,2015-04-25T21:41:00
United States,Youth Unemployment Rate,1966-11-30T00:00:00,8.1,Monthly,UnitedStaYouUneRat,2013-11-06T17:08:00
United States,Youth Unemployment Rate,1966-12-31T00:00:00,8.6,Monthly,UnitedStaYouUneRat,2013-11-06T17:08:00
United States,Youth Unemployment Rate,1967-01-31T00:00:00,8.5,Monthly,UnitedStaYouUneRat,2015-04-25T21:41:00
United States,Youth Unemployment Rate,1967-02-28T00:00:00,8.4,Monthly,UnitedStaYouUneRat,2013-11-06T17:08:00
United States,Youth Unemployment Rate,1967-03-31T00:00:00,8.1,Monthly,UnitedStaYouUneRat,2013-11-06T17:08:00
United States,Youth Unemployment Rate,1967-04-30T00:00:00,8.2,Monthly,UnitedStaYouUneRat,2015-04-25T21:41:00
United States,Youth Unemployment Rate,1967-05-31T00:00:00,8.5,Monthly,UnitedStaYouUneRat,2013-11-06T17:08:00
United States,Youth Unemployment Rate,1967-06-30T00:00:00,8.7,Monthly,UnitedStaYouUneRat,2013-11-06T17:08:00
United States,Youth Unemployment Rate,1967-07-31T00:00:00,8.9,Monthly,UnitedStaYouUneRat,2015-04-25T21:41:00
United States,Youth Unemployment Rate,1967-08-31T00:00:00,8.8,Monthly,UnitedStaYouUneRat,2013-11-06T17:08:00
United States,Youth Unemployment Rate,1967-09-30T00:00:00,8.9,Monthly,UnitedStaYouUneRat,2013-11-06T17:08:00
United States,Youth Unemployment Rate,1967-10-31T00:00:00,9.1,Monthly,UnitedStaYouUneRat,2015-04-25T21:41:00
United States,Youth Unemployment Rate,1967-11-30T00:00:00,9,Monthly,UnitedStaYouUneRat,2013-11-06T17:08:00
United States,Youth Unemployment Rate,1967-12-31T00:00:00,8.9,Monthly,UnitedStaYouUneRat,2013-11-06T17:08:00
United States,Youth Unemployment Rate,1968-01-31T00:00:00,8.4,Monthly,UnitedStaYouUneRat,2013-11-06T17:08:00
United States,Youth Unemployment Rate,1968-02-29T00:00:00,9,Monthly,UnitedStaYouUneRat,2013-11-06T17:08:00
United States,Youth Unemployment Rate,1968-03-31T00:00:00,8.8,Monthly,UnitedStaYouUneRat,2013-11-06T17:08:00
United States,Youth Unemployment Rate,1968-04-30T00:00:00,8.1,Monthly,UnitedStaYouUneRat,2013-11-06T17:08:00
United States,Youth Unemployment Rate,1968-05-31T00:00:00,8.5,Monthly,UnitedStaYouUneRat,2013-11-06T17:08:00
United States,Youth Unemployment Rate,1968-06-30T00:00:00,9.6,Monthly,UnitedStaYouUneRat,2015-04-25T21:41:00
United States,Youth Unemployment Rate,1968-07-31T00:00:00,9,Monthly,UnitedStaYouUneRat,2013-11-06T17:08:00
United States,Youth Unemployment Rate,1968-08-31T00:00:00,8.6,Monthly,UnitedStaYouUneRat,2013-11-06T17:08:00
United States,Youth Unemployment Rate,1968-09-30T00:00:00,8.2,Monthly,UnitedStaYouUneRat,2015-04-25T21:41:00
United States,Youth Unemployment Rate,1968-10-31T00:00:00,8.2,Monthly,UnitedStaYouUneRat,2013-11-06T17:08:00
United States,Youth Unemployment Rate,1968-11-30T00:00:00,8.4,Monthly,UnitedStaYouUneRat,2013-11-06T17:08:00
United States,Youth Unemployment Rate,1968-12-31T00:00:00,8.5,Monthly,UnitedStaYouUneRat,2015-04-25T21:41:00
United States,Youth Unemployment Rate,1969-01-31T00:00:00,8.2,Monthly,UnitedStaYouUneRat,2013-11-06T17:08:00
United States,Youth Unemployment Rate,1969-02-28T00:00:00,8.1,Monthly,UnitedStaYouUneRat,2015-04-25T21:41:00
United States,Youth Unemployment Rate,1969-03-31T00:00:00,8.3,Monthly,UnitedStaYouUneRat,2015-04-25T21:41:00
United States,Youth Unemployment Rate,1969-04-30T00:00:00,8.2,Monthly,UnitedStaYouUneRat,2013-11-06T17:08:00
United States,Youth Unemployment Rate,1969-05-31T00:00:00,8.3,Monthly,UnitedStaYouUneRat,2013-11-06T17:08:00
United States,Youth Unemployment Rate,1969-06-30T00:00:00,8.3,Monthly,UnitedStaYouUneRat,2015-04-25T21:41:00
United States,Youth Unemployment Rate,1969-07-31T00:00:00,8.7,Monthly,UnitedStaYouUneRat,2013-11-06T17:08:00
United States,Youth Unemployment Rate,1969-08-31T00:00:00,8.2,Monthly,UnitedStaYouUneRat,2013-11-06T17:08:00
United States,Youth Unemployment Rate,1969-09-30T00:00:00,8.9,Monthly,UnitedStaYouUneRat,2013-11-06T17:08:00
United States,Youth Unemployment Rate,1969-10-31T00:00:00,8.8,Monthly,UnitedStaYouUneRat,2013-11-06T17:08:00
United States,Youth Unemployment Rate,1969-11-30T00:00:00,8.2,Monthly,UnitedStaYouUneRat,2015-04-25T21:41:00
United States,Youth Unemployment Rate,1969-12-31T00:00:00,8.4,Monthly,UnitedStaYouUneRat,2013-11-06T17:08:00
United States,Youth Unemployment Rate,1970-01-31T00:00:00,9.3,Monthly,UnitedStaYouUneRat,2013-11-06T17:08:00
United States,Youth Unemployment Rate,1970-02-28T00:00:00,9.8,Monthly,UnitedStaYouUneRat,2015-04-25T21:41:00
United States,Youth Unemployment Rate,1970-03-31T00:00:00,9.6,Monthly,UnitedStaYouUneRat,2015-04-25T21:41:00
United States,Youth Unemployment Rate,1970-04-30T00:00:00,10.4,Monthly,UnitedStaYouUneRat,2013-11-06T17:08:00
United States,Youth Unemployment Rate,1970-05-31T00:00:00,10.4,Monthly,UnitedStaYouUneRat,2013-11-06T17:08:00
United States,Youth Unemployment Rate,1970-06-30T00:00:00,11.2,Monthly,UnitedStaYouUneRat,2013-11-06T17:08:00
United States,Youth Unemployment Rate,1970-07-31T00:00:00,11,Monthly,UnitedStaYouUneRat,2013-11-06T17:08:00
United States,Youth Unemployment Rate,1970-08-31T00:00:00,11.4,Monthly,UnitedStaYouUneRat,2015-04-25T21:41:00
United States,Youth Unemployment Rate,1970-09-30T00:00:00,12.1,Monthly,UnitedStaYouUneRat,2013-11-06T17:08:00
United States,Youth Unemployment Rate,1970-10-31T00:00:00,12.2,Monthly,UnitedStaYouUneRat,2013-11-06T17:08:00
United States,Youth Unemployment Rate,1970-11-30T00:00:00,12.9,Monthly,UnitedStaYouUneRat,2015-04-25T21:41:00
United States,Youth Unemployment Rate,1970-12-31T00:00:00,12.8,Monthly,UnitedStaYouUneRat,2013-11-06T17:08:00
United States,Youth Unemployment Rate,1971-01-31T00:00:00,12.6,Monthly,UnitedStaYouUneRat,2013-11-06T17:08:00
United States,Youth Unemployment Rate,1971-02-28T00:00:00,12.5,Monthly,UnitedStaYouUneRat,2013-11-06T17:08:00
United States,Youth Unemployment Rate,1971-03-31T00:00:00,12.8,Monthly,UnitedStaYouUneRat,2013-11-06T17:08:00
United States,Youth Unemployment Rate,1971-04-30T00:00:00,12.5,Monthly,UnitedStaYouUneRat,2013-11-06T17:08:00
United States,Youth Unemployment Rate,1971-05-31T00:00:00,13,Monthly,UnitedStaYouUneRat,2015-04-25T21:41:00
United States,Youth Unemployment Rate,1971-06-30T00:00:00,13.2,Monthly,UnitedStaYouUneRat,2013-11-06T17:08:00
United States,Youth Unemployment Rate,1971-07-31T00:00:00,12.9,Monthly,UnitedStaYouUneRat,2013-11-06T17:08:00
United States,Youth Unemployment Rate,1971-08-31T00:00:00,12.8,Monthly,UnitedStaYouUneRat,2015-04-25T21:41:00
United States,Youth Unemployment Rate,1971-09-30T00:00:00,12.4,Monthly,UnitedStaYouUneRat,2013-11-06T17:08:00
United States,Youth Unemployment Rate,1971-10-31T00:00:00,12.4,Monthly,UnitedStaYouUneRat,2013-11-06T17:08:00
United States,Youth Unemployment Rate,1971-11-30T00:00:00,13,Monthly,UnitedStaYouUneRat,2013-11-06T17:08:00
United States,Youth Unemployment Rate,1971-12-31T00:00:00,12.7,Monthly,UnitedStaYouUneRat,2013-11-06T17:08:00
United States,Youth Unemployment Rate,1972-01-31T00:00:00,12.7,Monthly,UnitedStaYouUneRat,2015-04-25T21:41:00
United States,Youth Unemployment Rate,1972-02-29T00:00:00,12.8,Monthly,UnitedStaYouUneRat,2013-11-06T17:08:00
United States,Youth Unemployment Rate,1972-03-31T00:00:00,12.8,Monthly,UnitedStaYouUneRat,2013-11-06T17:08:00
United States,Youth Unemployment Rate,1972-04-30T00:00:00,12.4,Monthly,UnitedStaYouUneRat,2015-04-25T21:41:00
United States,Youth Unemployment Rate,1972-05-31T00:00:00,11.8,Monthly,UnitedStaYouUneRat,2013-11-06T17:08:00
United States,Youth Unemployment Rate,1972-06-30T00:00:00,11.8,Monthly,UnitedStaYouUneRat,2013-11-06T17:08:00
United States,Youth Unemployment Rate,1972-07-31T00:00:00,12,Monthly,UnitedStaYouUneRat,2015-04-25T21:41:00
United States,Youth Unemployment Rate,1972-08-31T00:00:00,12.1,Monthly,UnitedStaYouUneRat,2013-11-06T17:08:00
United States,Youth Unemployment Rate,1972-09-30T00:00:00,12,Monthly,UnitedStaYouUneRat,2013-11-06T17:08:00
United States,Youth Unemployment Rate,1972-10-31T00:00:00,12,Monthly,UnitedStaYouUneRat,2015-04-25T21:41:00
United States,Youth Unemployment Rate,1972-11-30T00:00:00,11.5,Monthly,UnitedStaYouUneRat,2013-11-06T17:08:00
United States,Youth Unemployment Rate,1972-12-31T00:00:00,11.3,Monthly,UnitedStaYouUneRat,2013-11-06T17:08:00
United States,Youth Unemployment Rate,1973-01-31T00:00:00,10.2,Monthly,UnitedStaYouUneRat,2013-11-06T17:08:00
United States,Youth Unemployment Rate,1973-02-28T00:00:00,10.9,Monthly,UnitedStaYouUneRat,2013-11-06T17:08:00
United States,Youth Unemployment Rate,1973-03-31T00:00:00,10.4,Monthly,UnitedStaYouUneRat,2013-11-06T17:08:00
United States,Youth Unemployment Rate,1973-04-30T00:00:00,11,Monthly,UnitedStaYouUneRat,2015-04-25T21:41:00
United States,Youth Unemployment Rate,1973-05-31T00:00:00,10.7,Monthly,UnitedStaYouUneRat,2013-11-06T17:08:00
United States,Youth Unemployment Rate,1973-06-30T00:00:00,10.4,Monthly,UnitedStaYouUneRat,2013-11-06T17:08:00
United States,Youth Unemployment Rate,1973-07-31T00:00:00,10.6,Monthly,UnitedStaYouUneRat,2015-04-25T21:41:00
United States,Youth Unemployment Rate,1973-08-31T00:00:00,10.3,Monthly,UnitedStaYouUneRat,2013-11-06T17:08:00
United States,Youth Unemployment Rate,1973-09-30T00:00:00,10.7,Monthly,UnitedStaYouUneRat,2015-04-25T21:41:00
United States,Youth Unemployment Rate,1973-10-31T00:00:00,10,Monthly,UnitedStaYouUneRat,2013-11-06T17:08:00
United States,Youth Unemployment Rate,1973-11-30T00:00:00,10.4,Monthly,UnitedStaYouUneRat,2013-11-06T17:08:00
United States,Youth Unemployment Rate,1973-12-31T00:00:00,10.5,Monthly,UnitedStaYouUneRat,2015-04-25T21:41:00
United States,Youth Unemployment Rate,1974-01-31T00:00:00,10.8,Monthly,UnitedStaYouUneRat,2013-11-06T17:08:00
United States,Youth Unemployment Rate,1974-02-28T00:00:00,11,Monthly,UnitedStaYouUneRat,2013-11-06T17:08:00
United States,Youth Unemployment Rate,1974-03-31T00:00:00,10.7,Monthly,UnitedStaYouUneRat,2013-11-06T17:08:00
United States,Youth Unemployment Rate,1974-04-30T00:00:00,10.5,Monthly,UnitedStaYouUneRat,2013-11-06T17:08:00
United States,Youth Unemployment Rate,1974-05-31T00:00:00,11.3,Monthly,UnitedStaYouUneRat,2013-11-06T17:08:00
United States,Youth Unemployment Rate,1974-06-30T00:00:00,11.8,Monthly,UnitedStaYouUneRat,2015-04-25T21:41:00
United States,Youth Unemployment Rate,1974-07-31T00:00:00,12.1,Monthly,UnitedStaYouUneRat,2013-11-06T17:08:00
United States,Youth Unemployment Rate,1974-08-31T00:00:00,11.7,Monthly,UnitedStaYouUneRat,2013-11-06T17:08:00
United States,Youth Unemployment Rate,1974-09-30T00:00:00,12.6,Monthly,UnitedStaYouUneRat,2015-04-25T21:41:00
United States,Youth Unemployment Rate,1974-10-31T00:00:00,12.5,Monthly,UnitedStaYouUneRat,2013-11-06T17:08:00
United States,Youth Unemployment Rate,1974-11-30T00:00:00,13.4,Monthly,UnitedStaYouUneRat,2013-11-06T17:08:00
United States,Youth Unemployment Rate,1974-12-31T00:00:00,14.2,Monthly,UnitedStaYouUneRat,2015-04-25T21:41:00
United States,Youth Unemployment Rate,1975-01-31T00:00:00,15.1,Monthly,UnitedStaYouUneRat,2013-11-06T17:08:00
United States,Youth Unemployment Rate,1975-02-28T00:00:00,15.6,Monthly,UnitedStaYouUneRat,2015-04-25T21:41:00
United States,Youth Unemployment Rate,1975-03-31T00:00:00,16.2,Monthly,UnitedStaYouUneRat,2015-04-25T21:41:00
United States,Youth Unemployment Rate,1975-04-30T00:00:00,16.5,Monthly,UnitedStaYouUneRat,2013-11-06T17:08:00
United States,Youth Unemployment Rate,1975-05-31T00:00:00,16.9,Monthly,UnitedStaYouUneRat,2013-11-06T17:08:00
United States,Youth Unemployment Rate,1975-06-30T00:00:00,16.3,Monthly,UnitedStaYouUneRat,2015-04-25T21:41:00
United States,Youth Unemployment Rate,1975-07-31T00:00:00,16.6,Monthly,UnitedStaYouUneRat,2013-11-06T17:08:00
United States,Youth Unemployment Rate,1975-08-31T00:00:00,16.3,Monthly,UnitedStaYouUneRat,2013-11-06T17:08:00
United States,Youth Unemployment Rate,1975-09-30T00:00:00,16.1,Monthly,UnitedStaYouUneRat,2013-11-06T17:08:00
United States,Youth Unemployment Rate,1975-10-31T00:00:00,16.1,Monthly,UnitedStaYouUneRat,2013-11-06T17:08:00
United States,Youth Unemployment Rate,1975-11-30T00:00:00,15.7,Monthly,UnitedStaYouUneRat,2015-04-25T21:41:00
United States,Youth Unemployment Rate,1975-12-31T00:00:00,15.6,Monthly,UnitedStaYouUneRat,2013-11-06T17:08:00
United States,Youth Unemployment Rate,1976-01-31T00:00:00,15.4,Monthly,UnitedStaYouUneRat,2013-11-06T17:08:00
United States,Youth Unemployment Rate,1976-02-29T00:00:00,14.7,Monthly,UnitedStaYouUneRat,2015-04-25T21:41:00
United States,Youth Unemployment Rate,1976-03-31T00:00:00,14.6,Monthly,UnitedStaYouUneRat,2013-11-06T17:08:00
United States,Youth Unemployment Rate,1976-04-30T00:00:00,14.9,Monthly,UnitedStaYouUneRat,2013-11-06T17:08:00
United States,Youth Unemployment Rate,1976-05-31T00:00:00,14.3,Monthly,UnitedStaYouUneRat,2015-04-25T21:41:00
United States,Youth Unemployment Rate,1976-06-30T00:00:00,14.5,Monthly,UnitedStaYouUneRat,2013-11-06T17:08:00
United States,Youth Unemployment Rate,1976-07-31T00:00:00,14.2,Monthly,UnitedStaYouUneRat,2013-11-06T17:08:00
United States,Youth Unemployment Rate,1976-08-31T00:00:00,15,Monthly,UnitedStaYouUneRat,2015-04-25T21:41:00
United States,Youth Unemployment Rate,1976-09-30T00:00:00,14.4,Monthly,UnitedStaYouUneRat,2013-11-06T17:08:00
United States,Youth Unemployment Rate,1976-10-31T00:00:00,14.9,Monthly,UnitedStaYouUneRat,2013-11-06T17:08:00
United States,Youth Unemployment Rate,1976-11-30T00:00:00,14.9,Monthly,UnitedStaYouUneRat,2013-11-06T17:08:00
United States,Youth Unemployment Rate,1976-12-31T00:00:00,14.8,Monthly,UnitedStaYouUneRat,2013-11-06T17:08:00
United States,Youth Unemployment Rate,1977-01-31T00:00:00,14.3,Monthly,UnitedStaYouUneRat,2015-04-25T21:41:00
United States,Youth Unemployment Rate,1977-02-28T00:00:00,14.5,Monthly,UnitedStaYouUneRat,2013-11-06T17:08:00
United States,Youth Unemployment Rate,1977-03-31T00:00:00,14.2,Monthly,UnitedStaYouUneRat,2013-11-06T17:08:00
United States,Youth Unemployment Rate,1977-04-30T00:00:00,13.7,Monthly,UnitedStaYouUneRat,2013-11-06T17:08:00
United States,Youth Unemployment Rate,1977-05-31T00:00:00,13.7,Monthly,UnitedStaYouUneRat,2015-04-25T21:41:00
United States,Youth Unemployment Rate,1977-06-30T00:00:00,14,Monthly,UnitedStaYouUneRat,2013-11-06T17:08:00
United States,Youth Unemployment Rate,1977-07-31T00:00:00,13.3,Monthly,UnitedStaYouUneRat,2013-11-06T17:08:00
United States,Youth Unemployment Rate,1977-08-31T00:00:00,13.7,Monthly,UnitedStaYouUneRat,2013-11-06T17:08:00
United States,Youth Unemployment Rate,1977-09-30T00:00:00,13.5,Monthly,UnitedStaYouUneRat,2013-11-06T17:08:00
United States,Youth Unemployment Rate,1977-10-31T00:00:00,13,Monthly,UnitedStaYouUneRat,2015-04-25T21:41:00
United States,Youth Unemployment Rate,1977-11-30T00:00:00,13.1,Monthly,UnitedStaYouUneRat,2013-11-06T17:08:00
United States,Youth Unemployment Rate,1977-12-31T00:00:00,12.2,Monthly,UnitedStaYouUneRat,2013-11-06T17:08:00
United States,Youth Unemployment Rate,1978-01-31T00:00:00,12.9,Monthly,UnitedStaYouUneRat,2015-04-25T21:41:00
United States,Youth Unemployment Rate,1978-02-28T00:00:00,13,Monthly,UnitedStaYouUneRat,2013-11-06T17:08:00
United States,Youth Unemployment Rate,1978-03-31T00:00:00,13,Monthly,UnitedStaYouUneRat,2013-11-06T17:08:00
United States,Youth Unemployment Rate,1978-04-30T00:00:00,12.6,Monthly,UnitedStaYouUneRat,2015-04-25T21:41:00
United States,Youth Unemployment Rate,1978-05-31T00:00:00,11.8,Monthly,UnitedStaYouUneRat,2013-11-06T17:08:00
United States,Youth Unemployment Rate,1978-06-30T00:00:00,11.7,Monthly,UnitedStaYouUneRat,2013-11-06T17:08:00
United States,Youth Unemployment Rate,1978-07-31T00:00:00,12.5,Monthly,UnitedStaYouUneRat,2015-04-25T21:41:00
United States,Youth Unemployment Rate,1978-08-31T00:00:00,11.7,Monthly,UnitedStaYouUneRat,2013-11-06T17:08:00
United States,Youth Unemployment Rate,1978-09-30T00:00:00,12.1,Monthly,UnitedStaYouUneRat,2013-11-06T17:08:00
United States,Youth Unemployment Rate,1978-10-31T00:00:00,11.5,Monthly,UnitedStaYouUneRat,2015-04-25T21:41:00
United States,Youth Unemployment Rate,1978-11-30T00:00:00,11.9,Monthly,UnitedStaYouUneRat,2013-11-06T17:08:00
United States,Youth Unemployment Rate,1978-12-31T00:00:00,12.1,Monthly,UnitedStaYouUneRat,2013-11-06T17:08:00
United States,Youth Unemployment Rate,1979-01-31T00:00:00,11.6,Monthly,UnitedStaYouUneRat,2013-11-06T17:08:00
United States,Youth Unemployment Rate,1979-02-28T00:00:00,11.7,Monthly,UnitedStaYouUneRat,2013-11-06T17:08:00
United States,Youth Unemployment Rate,1979-03-31T00:00:00,11.6,Monthly,UnitedStaYouUneRat,2013-11-06T17:08:00
United States,Youth Unemployment Rate,1979-04-30T00:00:00,11.6,Monthly,UnitedStaYouUneRat,2015-04-25T21:41:00
United States,Youth Unemployment Rate,1979-05-31T00:00:00,11.6,Monthly,UnitedStaYouUneRat,2013-11-06T17:08:00
United States,Youth Unemployment Rate,1979-06-30T00:00:00,11.5,Monthly,UnitedStaYouUneRat,2013-11-06T17:08:00
United States,Youth Unemployment Rate,1979-07-31T00:00:00,11.6,Monthly,UnitedStaYouUneRat,2015-04-25T21:41:00
United States,Youth Unemployment Rate,1979-08-31T00:00:00,12.2,Monthly,UnitedStaYouUneRat,2013-11-06T17:08:00
United States,Youth Unemployment Rate,1979-09-30T00:00:00,12.1,Monthly,UnitedStaYouUneRat,2015-04-25T21:41:00
United States,Youth Unemployment Rate,1979-10-31T00:00:00,12.1,Monthly,UnitedStaYouUneRat,2013-11-06T17:08:00
United States,Youth Unemployment Rate,1979-11-30T00:00:00,11.6,Monthly,UnitedStaYouUneRat,2013-11-06T17:08:00
United States,Youth Unemployment Rate,1979-12-31T00:00:00,12.4,Monthly,UnitedStaYouUneRat,2015-04-25T21:41:00
United States,Youth Unemployment Rate,1980-01-31T00:00:00,12.6,Monthly,UnitedStaYouUneRat,2013-11-06T17:08:00
United States,Youth Unemployment Rate,1980-02-29T00:00:00,12.5,Monthly,UnitedStaYouUneRat,2013-11-06T17:08:00
United States,Youth Unemployment Rate,1980-03-31T00:00:00,12.3,Monthly,UnitedStaYouUneRat,2015-04-25T21:41:00
United States,Youth Unemployment Rate,1980-04-30T00:00:00,13.1,Monthly,UnitedStaYouUneRat,2013-11-06T17:08:00
United States,Youth Unemployment Rate,1980-05-31T00:00:00,14.7,Monthly,UnitedStaYouUneRat,2013-11-06T17:08:00
United States,Youth Unemployment Rate,1980-06-30T00:00:00,14.7,Monthly,UnitedStaYouUneRat,2015-04-25T21:41:00
United States,Youth Unemployment Rate,1980-07-31T00:00:00,14.9,Monthly,UnitedStaYouUneRat,2013-11-06T17:08:00
United States,Youth Unemployment Rate,1980-08-31T00:00:00,14.7,Monthly,UnitedStaYouUneRat,2013-11-06T17:08:00
United States,Youth Unemployment Rate,1980-09-30T00:00:00,14.3,Monthly,UnitedStaYouUneRat,2013-11-06T17:08:00
United States,Youth Unemployment Rate,1980-10-31T00:00:00,14.5,Monthly,UnitedStaYouUneRat,2013-11-06T17:08:00
United States,Youth Unemployment Rate,1980-11-30T00:00:00,14.4,Monthly,UnitedStaYouUneRat,2015-04-25T21:41:00
United States,Youth Unemployment Rate,1980-12-31T00:00:00,13.7,Monthly,UnitedStaYouUneRat,2013-11-06T17:08:00
United States,Youth Unemployment Rate,1981-01-31T00:00:00,14.5,Monthly,UnitedStaYouUneRat,2013-11-06T17:08:00
United States,Youth Unemployment Rate,1981-02-28T00:00:00,14.6,Monthly,UnitedStaYouUneRat,2015-04-25T21:41:00
United States,Youth Unemployment Rate,1981-03-31T00:00:00,14.5,Monthly,UnitedStaYouUneRat,2015-04-25T21:41:00
United States,Youth Unemployment Rate,1981-04-30T00:00:00,14.5,Monthly,UnitedStaYouUneRat,2013-11-06T17:08:00
United States,Youth Unemployment Rate,1981-05-31T00:00:00,15.1,Monthly,UnitedStaYouUneRat,2013-11-06T17:08:00
United States,Youth Unemployment Rate,1981-06-30T00:00:00,14.9,Monthly,UnitedStaYouUneRat,2013-11-06T17:08:00
United States,Youth Unemployment Rate,1981-07-31T00:00:00,14.1,Monthly,UnitedStaYouUneRat,2013-11-06T17:08:00
United States,Youth Unemployment Rate,1981-08-31T00:00:00,14.5,Monthly,UnitedStaYouUneRat,2015-04-25T21:41:00
United States,Youth Unemployment Rate,1981-09-30T00:00:00,14.9,Monthly,UnitedStaYouUneRat,2013-11-06T17:08:00
United States,Youth Unemployment Rate,1981-10-31T00:00:00,15.3,Monthly,UnitedStaYouUneRat,2013-11-06T17:08:00
United States,Youth Unemployment Rate,1981-11-30T00:00:00,15.9,Monthly,UnitedStaYouUneRat,2015-04-25T21:41:00
United States,Youth Unemployment Rate,1981-12-31T00:00:00,16.1,Monthly,UnitedStaYouUneRat,2013-11-06T17:08:00
United States,Youth Unemployment Rate,1982-01-31T00:00:00,16.5,Monthly,UnitedStaYouUneRat,2013-11-06T17:08:00
United States,Youth Unemployment Rate,1982-02-28T00:00:00,17,Monthly,UnitedStaYouUneRat,2013-11-06T17:08:00
United States,Youth Unemployment Rate,1982-03-31T00:00:00,16.9,Monthly,UnitedStaYouUneRat,2013-11-06T17:08:00
United States,Youth Unemployment Rate,1982-04-30T00:00:00,17.4,Monthly,UnitedStaYouUneRat,2013-11-06T17:08:00
United States,Youth Unemployment Rate,1982-05-31T00:00:00,17.3,Monthly,UnitedStaYouUneRat,2015-04-25T21:41:00
United States,Youth Unemployment Rate,1982-06-30T00:00:00,17.5,Monthly,UnitedStaYouUneRat,2013-11-06T17:08:00
United States,Youth Unemployment Rate,1982-07-31T00:00:00,18,Monthly,UnitedStaYouUneRat,2013-11-06T17:08:00
United States,Youth Unemployment Rate,1982-08-31T00:00:00,18.1,Monthly,UnitedStaYouUneRat,2015-04-25T21:41:00
United States,Youth Unemployment Rate,1982-09-30T00:00:00,18.2,Monthly,UnitedStaYouUneRat,2013-11-06T17:08:00
United States,Youth Unemployment Rate,1982-10-31T00:00:00,18.5,Monthly,UnitedStaYouUneRat,2013-11-06T17:08:00
United States,Youth Unemployment Rate,1982-11-30T00:00:00,19,Monthly,UnitedStaYouUneRat,2013-11-06T17:08:00
United States,Youth Unemployment Rate,1982-12-31T00:00:00,18.9,Monthly,UnitedStaYouUneRat,2013-11-06T17:08:00
United States,Youth Unemployment Rate,1983-01-31T00:00:00,18.5,Monthly,UnitedStaYouUneRat,2015-04-25T21:41:00
United States,Youth Unemployment Rate,1983-02-28T00:00:00,18.4,Monthly,UnitedStaYouUneRat,2013-11-06T17:08:00
United States,Youth Unemployment Rate,1983-03-31T00:00:00,18.2,Monthly,UnitedStaYouUneRat,2013-11-06T17:08:00
United States,Youth Unemployment Rate,1983-04-30T00:00:00,18,Monthly,UnitedStaYouUneRat,2013-11-06T17:08:00
United States,Youth Unemployment Rate,1983-05-31T00:00:00,17.7,Monthly,UnitedStaYouUneRat,2015-04-25T21:41:00
United States,Youth Unemployment Rate,1983-06-30T00:00:00,17.8,Monthly,UnitedStaYouUneRat,2013-11-06T17:08:00
United States,Youth Unemployment Rate,1983-07-31T00:00:00,16.8,Monthly,UnitedStaYouUneRat,2013-11-06T17:08:00
United States,Youth Unemployment Rate,1983-08-31T00:00:00,17.3,Monthly,UnitedStaYouUneRat,2013-11-06T17:08:00
United States,Youth Unemployment Rate,1983-09-30T00:00:00,16.4,Monthly,UnitedStaYouUneRat,2013-11-06T17:08:00
United States,Youth Unemployment Rate,1983-10-31T00:00:00,16.2,Monthly,UnitedStaYouUneRat,2015-04-25T21:41:00
United States,Youth Unemployment Rate,1983-11-30T00:00:00,15.4,Monthly,UnitedStaYouUneRat,2013-11-06T17:08:00
United States,Youth Unemployment Rate,1983-12-31T00:00:00,14.9,Monthly,UnitedStaYouUneRat,2013-11-06T17:08:00
United States,Youth Unemployment Rate,1984-01-31T00:00:00,14.8,Monthly,UnitedStaYouUneRat,2015-04-25T21:41:00
United States,Youth Unemployment Rate,1984-02-29T00:00:00,14.3,Monthly,UnitedStaYouUneRat,2013-11-06T17:08:00
United States,Youth Unemployment Rate,1984-03-31T00:00:00,14.4,Monthly,UnitedStaYouUneRat,2013-11-06T17:08:00
United States,Youth Unemployment Rate,1984-04-30T00:00:00,14.5,Monthly,UnitedStaYouUneRat,2015-04-25T21:41:00
United States,Youth Unemployment Rate,1984-05-31T00:00:00,13.6,Monthly,UnitedStaYouUneRat,2013-11-06T17:08:00
United States,Youth Unemployment Rate,1984-06-30T00:00:00,13.2,Monthly,UnitedStaYouUneRat,2013-11-06T17:08:00
United States,Youth Unemployment Rate,1984-07-31T00:00:00,13.7,Monthly,UnitedStaYouUneRat,2015-04-25T21:41:00
United States,Youth Unemployment Rate,1984-08-31T00:00:00,14.1,Monthly,UnitedStaYouUneRat,2013-11-06T17:08:00
United States,Youth Unemployment Rate,1984-09-30T00:00:00,14,Monthly,UnitedStaYouUneRat,2015-04-25T21:41:00
United States,Youth Unemployment Rate,1984-10-31T00:00:00,13.6,Monthly,UnitedStaYouUneRat,2013-11-06T17:08:00
United States,Youth Unemployment Rate,1984-11-30T00:00:00,13.2,Monthly,UnitedStaYouUneRat,2013-11-06T17:08:00
United States,Youth Unemployment Rate,1984-12-31T00:00:00,13.7,Monthly,UnitedStaYouUneRat,2015-04-25T21:41:00
United States,Youth Unemployment Rate,1985-01-31T00:00:00,13.6,Monthly,UnitedStaYouUneRat,2013-11-06T17:08:00
United States,Youth Unemployment Rate,1985-02-28T00:00:00,13.6,Monthly,UnitedStaYouUneRat,2013-11-06T17:08:00
United States,Youth Unemployment Rate,1985-03-31T00:00:00,13.6,Monthly,UnitedStaYouUneRat,2013-11-06T17:08:00
United States,Youth Unemployment Rate,1985-04-30T00:00:00,13.2,Monthly,UnitedStaYouUneRat,2013-11-06T17:08:00
United States,Youth Unemployment Rate,1985-05-31T00:00:00,13.6,Monthly,UnitedStaYouUneRat,2013-11-06T17:08:00
United States,Youth Unemployment Rate,1985-06-30T00:00:00,13.5,Monthly,UnitedStaYouUneRat,2015-04-25T21:41:00
United States,Youth Unemployment Rate,1985-07-31T00:00:00,14.2,Monthly,UnitedStaYouUneRat,2013-11-06T17:08:00
United States,Youth Unemployment Rate,1985-08-31T00:00:00,13.3,Monthly,UnitedStaYouUneRat,2013-11-06T17:08:00
United States,Youth Unemployment Rate,1985-09-30T00:00:00,13.3,Monthly,UnitedStaYouUneRat,2015-04-25T21:41:00
United States,Youth Unemployment Rate,1985-10-31T00:00:00,14.1,Monthly,UnitedStaYouUneRat,2013-11-06T17:08:00
United States,Youth Unemployment Rate,1985-11-30T00:00:00,13.5,Monthly,UnitedStaYouUneRat,2013-11-06T17:08:00
United States,Youth Unemployment Rate,1985-12-31T00:00:00,13.5,Monthly,UnitedStaYouUneRat,2015-04-25T21:41:00
United States,Youth Unemployment Rate,1986-01-31T00:00:00,13,Monthly,UnitedStaYouUneRat,2013-11-06T17:08:00
United States,Youth Unemployment Rate,1986-02-28T00:00:00,13.6,Monthly,UnitedStaYouUneRat,2015-04-25T21:41:00
United States,Youth Unemployment Rate,1986-03-31T00:00:00,13.2,Monthly,UnitedStaYouUneRat,2015-04-25T21:41:00
United States,Youth Unemployment Rate,1986-04-30T00:00:00,13.7,Monthly,UnitedStaYouUneRat,2013-11-06T17:08:00
United States,Youth Unemployment Rate,1986-05-31T00:00:00,13.7,Monthly,UnitedStaYouUneRat,2013-11-06T17:08:00
United States,Youth Unemployment Rate,1986-06-30T00:00:00,13.5,Monthly,UnitedStaYouUneRat,2015-04-25T21:41:00
United States,Youth Unemployment Rate,1986-07-31T00:00:00,13.3,Monthly,UnitedStaYouUneRat,2013-11-06T17:08:00
United States,Youth Unemployment Rate,1986-08-31T00:00:00,13.1,Monthly,UnitedStaYouUneRat,2013-11-06T17:08:00
United States,Youth Unemployment Rate,1986-09-30T00:00:00,13.6,Monthly,UnitedStaYouUneRat,2013-11-06T17:08:00
United States,Youth Unemployment Rate,1986-10-31T00:00:00,13,Monthly,UnitedStaYouUneRat,2013-11-06T17:08:00
United States,Youth Unemployment Rate,1986-11-30T00:00:00,12.8,Monthly,UnitedStaYouUneRat,2015-04-25T21:41:00
United States,Youth Unemployment Rate,1986-12-31T00:00:00,13,Monthly,UnitedStaYouUneRat,2013-11-06T17:08:00
United States,Youth Unemployment Rate,1987-01-31T00:00:00,13,Monthly,UnitedStaYouUneRat,2013-11-06T17:08:00
United States,Youth Unemployment Rate,1987-02-28T00:00:00,13.1,Monthly,UnitedStaYouUneRat,2015-04-25T21:41:00
United States,Youth Unemployment Rate,1987-03-31T00:00:00,12.8,Monthly,UnitedStaYouUneRat,2015-04-25T21:41:00
United States,Youth Unemployment Rate,1987-04-30T00:00:00,12.6,Monthly,UnitedStaYouUneRat,2013-11-06T17:08:00
United States,Youth Unemployment Rate,1987-05-31T00:00:00,12.5,Monthly,UnitedStaYouUneRat,2013-11-06T17:08:00
United States,Youth Unemployment Rate,1987-06-30T00:00:00,12.3,Monthly,UnitedStaYouUneRat,2013-11-06T17:08:00
United States,Youth Unemployment Rate,1987-07-31T00:00:00,11.8,Monthly,UnitedStaYouUneRat,2013-11-06T17:08:00
United States,Youth Unemployment Rate,1987-08-31T00:00:00,11.7,Monthly,UnitedStaYouUneRat,2015-04-25T21:41:00
United States,Youth Unemployment Rate,1987-09-30T00:00:00,11.8,Monthly,UnitedStaYouUneRat,2013-11-06T17:08:00
United States,Youth Unemployment Rate,1987-10-31T00:00:00,11.8,Monthly,UnitedStaYouUneRat,2013-11-06T17:08:00
United States,Youth Unemployment Rate,1987-11-30T00:00:00,11.5,Monthly,UnitedStaYouUneRat,2015-04-25T21:41:00
United States,Youth Unemployment Rate,1987-12-31T00:00:00,11.2,Monthly,UnitedStaYouUneRat,2013-11-06T17:08:00
United States,Youth Unemployment Rate,1988-01-31T00:00:00,11.5,Monthly,UnitedStaYouUneRat,2013-11-06T17:08:00
United States,Youth Unemployment Rate,1988-02-29T00:00:00,11.3,Monthly,UnitedStaYouUneRat,2013-11-06T17:08:00
United States,Youth Unemployment Rate,1988-03-31T00:00:00,11.8,Monthly,UnitedStaYouUneRat,2013-11-06T17:08:00
United States,Youth Unemployment Rate,1988-04-30T00:00:00,11.2,Monthly,UnitedStaYouUneRat,2013-11-06T17:08:00
United States,Youth Unemployment Rate,1988-05-31T00:00:00,11.3,Monthly,UnitedStaYouUneRat,2015-04-25T21:41:00
United States,Youth Unemployment Rate,1988-06-30T00:00:00,10.5,Monthly,UnitedStaYouUneRat,2013-11-06T17:08:00
United States,Youth Unemployment Rate,1988-07-31T00:00:00,10.8,Monthly,UnitedStaYouUneRat,2013-11-06T17:08:00
United States,Youth Unemployment Rate,1988-08-31T00:00:00,11,Monthly,UnitedStaYouUneRat,2013-11-06T17:08:00
United States,Youth Unemployment Rate,1988-09-30T00:00:00,10.8,Monthly,UnitedStaYouUneRat,2013-11-06T17:08:00
United States,Youth Unemployment Rate,1988-10-31T00:00:00,10.8,Monthly,UnitedStaYouUneRat,2015-04-25T21:41:00
United States,Youth Unemployment Rate,1988-11-30T00:00:00,10.5,Monthly,UnitedStaYouUneRat,2013-11-06T17:08:00
United States,Youth Unemployment Rate,1988-12-31T00:00:00,10.8,Monthly,UnitedStaYouUneRat,2013-11-06T17:08:00
United States,Youth Unemployment Rate,1989-01-31T00:00:00,11.8,Monthly,UnitedStaYouUneRat,2015-04-25T21:41:00
United States,Youth Unemployment Rate,1989-02-28T00:00:00,10.6,Monthly,UnitedStaYouUneRat,2013-11-06T17:08:00
United States,Youth Unemployment Rate,1989-03-31T00:00:00,10.1,Monthly,UnitedStaYouUneRat,2013-11-06T17:08:00
United States,Youth Unemployment Rate,1989-04-30T00:00:00,10.6,Monthly,UnitedStaYouUneRat,2015-04-25T21:41:00
United States,Youth Unemployment Rate,1989-05-31T00:00:00,10.4,Monthly,UnitedStaYouUneRat,2013-11-06T17:08:00
United States,Youth Unemployment Rate,1989-06-30T00:00:00,11.2,Monthly,UnitedStaYouUneRat,2013-11-06T17:08:00
United States,Youth Unemployment Rate,1989-07-31T00:00:00,10.6,Monthly,UnitedStaYouUneRat,2015-04-25T21:41:00
United States,Youth Unemployment Rate,1989-08-31T00:00:00,10.9,Monthly,UnitedStaYouUneRat,2013-11-06T17:08:00
United States,Youth Unemployment Rate,1989-09-30T00:00:00,11.1,Monthly,UnitedStaYouUneRat,2013-11-06T17:08:00
United States,Youth Unemployment Rate,1989-10-31T00:00:00,11,Monthly,UnitedStaYouUneRat,2015-04-25T21:41:00
United States,Youth Unemployment Rate,1989-11-30T00:00:00,11.3,Monthly,UnitedStaYouUneRat,2013-11-06T17:08:00
United States,Youth Unemployment Rate,1989-12-31T00:00:00,11.2,Monthly,UnitedStaYouUneRat,2013-11-06T17:08:00
United States,Youth Unemployment Rate,1990-01-31T00:00:00,10.8,Monthly,UnitedStaYouUneRat,2013-11-06T17:08:00
United States,Youth Unemployment Rate,1990-02-28T00:00:00,10.7,Monthly,UnitedStaYouUneRat,2013-11-06T17:08:00
United States,Youth Unemployment Rate,1990-03-31T00:00:00,10.6,Monthly,UnitedStaYouUneRat,2013-11-06T17:08:00
United States,Youth Unemployment Rate,1990-04-30T00:00:00,11.1,Monthly,UnitedStaYouUneRat,2015-04-25T21:41:00
United States,Youth Unemployment Rate,1990-05-31T00:00:00,10.8,Monthly,UnitedStaYouUneRat,2013-11-06T17:08:00
United States,Youth Unemployment Rate,1990-06-30T00:00:00,10.4,Monthly,UnitedStaYouUneRat,2013-11-06T17:08:00
United States,Youth Unemployment Rate,1990-07-31T00:00:00,10.7,Monthly,UnitedStaYouUneRat,2015-04-25T21:41:00
United States,Youth Unemployment Rate,1990-08-31T00:00:00,11.5,Monthly,UnitedStaYouUneRat,2013-11-06T17:08:00
United States,Youth Unemployment Rate,1990-09-30T00:00:00,11.7,Monthly,UnitedStaYouUneRat,2015-04-25T21:41:00
United States,Youth Unemployment Rate,1990-10-31T00:00:00,11.8,Monthly,UnitedStaYouUneRat,2013-11-06T17:08:00
United States,Youth Unemployment Rate,1990-11-30T00:00:00,12,Monthly,UnitedStaYouUneRat,2013-11-06T17:08:00
United States,Youth Unemployment Rate,1990-12-31T00:00:00,12,Monthly,UnitedStaYouUneRat,2015-04-25T21:41:00
United States,Youth Unemployment Rate,1991-01-31T00:00:00,12.6,Monthly,UnitedStaYouUneRat,2013-11-06T17:08:00
United States,Youth Unemployment Rate,1991-02-28T00:00:00,12.8,Monthly,UnitedStaYouUneRat,2013-11-06T17:08:00
United States,Youth Unemployment Rate,1991-03-31T00:00:00,13.1,Monthly,UnitedStaYouUneRat,2013-11-06T17:08:00
United States,Youth Unemployment Rate,1991-04-30T00:00:00,12.7,Monthly,UnitedStaYouUneRat,2013-11-06T17:08:00
United States,Youth Unemployment Rate,1991-05-31T00:00:00,13.6,Monthly,UnitedStaYouUneRat,2013-11-06T17:08:00
United States,Youth Unemployment Rate,1991-06-30T00:00:00,13.6,Monthly,UnitedStaYouUneRat,2015-04-25T21:41:00
United States,Youth Unemployment Rate,1991-07-31T00:00:00,13.8,Monthly,UnitedStaYouUneRat,2013-11-06T17:08:00
United States,Youth Unemployment Rate,1991-08-31T00:00:00,13.5,Monthly,UnitedStaYouUneRat,2013-11-06T17:08:00
United States,Youth Unemployment Rate,1991-09-30T00:00:00,13.4,Monthly,UnitedStaYouUneRat,2015-04-25T21:41:00
United States,Youth Unemployment Rate,1991-10-31T00:00:00,13.9,Monthly,UnitedStaYouUneRat,2013-11-06T17:08:00
United States,Youth Unemployment Rate,1991-11-30T00:00:00,13.8,Monthly,UnitedStaYouUneRat,2013-11-06T17:08:00
United States,Youth Unemployment Rate,1991-12-31T00:00:00,14.6,Monthly,UnitedStaYouUneRat,2015-04-25T21:41:00
United States,Youth Unemployment Rate,1992-01-31T00:00:00,13.9,Monthly,UnitedStaYouUneRat,2013-11-06T17:08:00
United States,Youth Unemployment Rate,1992-02-29T00:00:00,14.2,Monthly,UnitedStaYouUneRat,2015-04-25T21:41:00
United States,Youth Unemployment Rate,1992-03-31T00:00:00,14.1,Monthly,UnitedStaYouUneRat,2015-04-25T21:41:00
United States,Youth Unemployment Rate,1992-04-30T00:00:00,13.6,Monthly,UnitedStaYouUneRat,2013-11-06T17:08:00
United States,Youth Unemployment Rate,1992-05-31T00:00:00,14.4,Monthly,UnitedStaYouUneRat,2013-11-06T17:08:00
United States,Youth Unemployment Rate,1992-06-30T00:00:00,15.2,Monthly,UnitedStaYouUneRat,2013-11-06T17:08:00
United States,Youth Unemployment Rate,1992-07-31T00:00:00,14.5,Monthly,UnitedStaYouUneRat,2013-11-06T17:08:00
United States,Youth Unemployment Rate,1992-08-31T00:00:00,14.2,Monthly,UnitedStaYouUneRat,2015-04-25T21:41:00
United States,Youth Unemployment Rate,1992-09-30T00:00:00,14.5,Monthly,UnitedStaYouUneRat,2013-11-06T17:08:00
United States,Youth Unemployment Rate,1992-10-31T00:00:00,13.5,Monthly,UnitedStaYouUneRat,2013-11-06T17:08:00
United States,Youth Unemployment Rate,1992-11-30T00:00:00,14.3,Monthly,UnitedStaYouUneRat,2015-04-25T21:41:00
United States,Youth Unemployment Rate,1992-12-31T00:00:00,14.2,Monthly,UnitedStaYouUneRat,2013-11-06T17:08:00
United States,Youth Unemployment Rate,1993-01-31T00:00:00,14,Monthly,UnitedStaYouUneRat,2013-11-06T17:08:00
United States,Youth Unemployment Rate,1993-02-28T00:00:00,14.1,Monthly,UnitedStaYouUneRat,2013-11-06T17:08:00
United States,Youth Unemployment Rate,1993-03-31T00:00:00,13.6,Monthly,UnitedStaYouUneRat,2013-11-06T17:08:00
United States,Youth Unemployment Rate,1993-04-30T00:00:00,13.8,Monthly,UnitedStaYouUneRat,2013-11-06T17:08:00
United States,Youth Unemployment Rate,1993-05-31T00:00:00,14.2,Monthly,UnitedStaYouUneRat,2015-04-25T21:41:00
United States,Youth Unemployment Rate,1993-06-30T00:00:00,13.7,Monthly,UnitedStaYouUneRat,2013-11-06T17:08:00
United States,Youth Unemployment Rate,1993-07-31T00:00:00,13.1,Monthly,UnitedStaYouUneRat,2013-11-06T17:08:00
United States,Youth Unemployment Rate,1993-08-31T00:00:00,13,Monthly,UnitedStaYouUneRat,2015-04-25T21:41:00
United States,Youth Unemployment Rate,1993-09-30T00:00:00,12.6,Monthly,UnitedStaYouUneRat,2013-11-06T17:08:00
United States,Youth Unemployment Rate,1993-10-31T00:00:00,13,Monthly,UnitedStaYouUneRat,2013-11-06T17:08:00
United States,Youth Unemployment Rate,1993-11-30T00:00:00,12.9,Monthly,UnitedStaYouUneRat,2013-11-06T17:08:00
United States,Youth Unemployment Rate,1993-12-31T00:00:00,12.5,Monthly,UnitedStaYouUneRat,2013-11-06T17:08:00
United States,Youth Unemployment Rate,1994-01-31T00:00:00,13.4,Monthly,UnitedStaYouUneRat,2015-04-25T21:41:00
United States,Youth Unemployment Rate,1994-02-28T00:00:00,12.9,Monthly,UnitedStaYouUneRat,2013-11-06T17:08:00
United States,Youth Unemployment Rate,1994-03-31T00:00:00,13.1,Monthly,UnitedStaYouUneRat,2013-11-06T17:08:00
United States,Youth Unemployment Rate,1994-04-30T00:00:00,13.3,Monthly,UnitedStaYouUneRat,2013-11-06T17:08:00
United States,Youth Unemployment Rate,1994-05-31T00:00:00,12.5,Monthly,UnitedStaYouUneRat,2015-04-25T21:41:00
United States,Youth Unemployment Rate,1994-06-30T00:00:00,12.4,Monthly,UnitedStaYouUneRat,2013-11-06T17:08:00
United States,Youth Unemployment Rate,1994-07-31T00:00:00,12.4,Monthly,UnitedStaYouUneRat,2013-11-06T17:08:00
United States,Youth Unemployment Rate,1994-08-31T00:00:00,12.5,Monthly,UnitedStaYouUneRat,2013-11-06T17:08:00
United States,Youth Unemployment Rate,1994-09-30T00:00:00,12.1,Monthly,UnitedStaYouUneRat,2013-11-06T17:08:00
United States,Youth Unemployment Rate,1994-10-31T00:00:00,12,Monthly,UnitedStaYouUneRat,2015-04-25T21:41:00
United States,Youth Unemployment Rate,1994-11-30T00:00:00,11.4,Monthly,UnitedStaYouUneRat,2013-11-06T17:08:00
United States,Youth Unemployment Rate,1994-12-31T00:00:00,11.5,Monthly,UnitedStaYouUneRat,2013-11-06T17:08:00
United States,Youth Unemployment Rate,1995-01-31T00:00:00,11.4,Monthly,UnitedStaYouUneRat,2015-04-25T21:41:00
United States,Youth Unemployment Rate,1995-02-28T00:00:00,11.7,Monthly,UnitedStaYouUneRat,2013-11-06T17:08:00
United States,Youth Unemployment Rate,1995-03-31T00:00:00,11.6,Monthly,UnitedStaYouUneRat,2013-11-06T17:08:00
United States,Youth Unemployment Rate,1995-04-30T00:00:00,12,Monthly,UnitedStaYouUneRat,2015-04-25T21:41:00
United States,Youth Unemployment Rate,1995-05-31T00:00:00,11.9,Monthly,UnitedStaYouUneRat,2013-11-06T17:08:00
United States,Youth Unemployment Rate,1995-06-30T00:00:00,12,Monthly,UnitedStaYouUneRat,2013-11-06T17:08:00
United States,Youth Unemployment Rate,1995-07-31T00:00:00,12.5,Monthly,UnitedStaYouUneRat,2015-04-25T21:41:00
United States,Youth Unemployment Rate,1995-08-31T00:00:00,12.5,Monthly,UnitedStaYouUneRat,2013-11-06T17:08:00
United States,Youth Unemployment Rate,1995-09-30T00:00:00,12.7,Monthly,UnitedStaYouUneRat,2013-11-06T17:08:00
United States,Youth Unemployment Rate,1995-10-31T00:00:00,12.4,Monthly,UnitedStaYouUneRat,2015-04-25T21:41:00
United States,Youth Unemployment Rate,1995-11-30T00:00:00,12,Monthly,UnitedStaYouUneRat,2013-11-06T17:08:00
United States,Youth Unemployment Rate,1995-12-31T00:00:00,12.4,Monthly,UnitedStaYouUneRat,2013-11-06T17:08:00
United States,Youth Unemployment Rate,1996-01-31T00:00:00,12.8,Monthly,UnitedStaYouUneRat,2013-11-06T17:08:00
United States,Youth Unemployment Rate,1996-02-29T00:00:00,12.2,Monthly,UnitedStaYouUneRat,2013-11-06T17:08:00
United States,Youth Unemployment Rate,1996-03-31T00:00:00,12.2,Monthly,UnitedStaYouUneRat,2013-11-06T17:08:00
United States,Youth Unemployment Rate,1996-04-30T00:00:00,12,Monthly,UnitedStaYouUneRat,2013-11-06T17:08:00
United States,Youth Unemployment Rate,1996-05-31T00:00:00,12.2,Monthly,UnitedStaYouUneRat,2013-11-06T17:08:00
United States,Youth Unemployment Rate,1996-06-30T00:00:00,11.8,Monthly,UnitedStaYouUneRat,2015-04-25T21:41:00
United States,Youth Unemployment Rate,1996-07-31T00:00:00,12.4,Monthly,UnitedStaYouUneRat,2013-11-06T17:08:00
United States,Youth Unemployment Rate,1996-08-31T00:00:00,11.6,Monthly,UnitedStaYouUneRat,2013-11-06T17:08:00
United States,Youth Unemployment Rate,1996-09-30T00:00:00,11.4,Monthly,UnitedStaYouUneRat,2015-04-25T21:41:00
United States,Youth Unemployment Rate,1996-10-31T00:00:00,11.6,Monthly,UnitedStaYouUneRat,2013-11-06T17:08:00
United States,Youth Unemployment Rate,1996-11-30T00:00:00,11.9,Monthly,UnitedStaYouUneRat,2013-11-06T17:08:00
United States,Youth Unemployment Rate,1996-12-31T00:00:00,11.8,Monthly,UnitedStaYouUneRat,2015-04-25T21:41:00
United States,Youth Unemployment Rate,1997-01-31T00:00:00,12.2,Monthly,UnitedStaYouUneRat,2013-11-06T17:08:00
United States,Youth Unemployment Rate,1997-02-28T00:00:00,11.8,Monthly,UnitedStaYouUneRat,2015-04-25T21:41:00
United States,Youth Unemployment Rate,1997-03-31T00:00:00,11.7,Monthly,UnitedStaYouUneRat,2015-04-25T21:41:00
United States,Youth Unemployment Rate,1997-04-30T00:00:00,11.6,Monthly,UnitedStaYouUneRat,2013-11-06T17:08:00
United States,Youth Unemployment Rate,1997-05-31T00:00:00,11.1,Monthly,UnitedStaYouUneRat,2013-11-06T17:08:00
United States,Youth Unemployment Rate,1997-06-30T00:00:00,11.4,Monthly,UnitedStaYouUneRat,2015-04-25T21:41:00
United States,Youth Unemployment Rate,1997-07-31T00:00:00,11.2,Monthly,UnitedStaYouUneRat,2013-11-06T17:08:00
United States,Youth Unemployment Rate,1997-08-31T00:00:00,11.1,Monthly,UnitedStaYouUneRat,2013-11-06T17:08:00
United States,Youth Unemployment Rate,1997-09-30T00:00:00,11.2,Monthly,UnitedStaYouUneRat,2013-11-06T17:08:00
United States,Youth Unemployment Rate,1997-10-31T00:00:00,11,Monthly,UnitedStaYouUneRat,2013-11-06T17:08:00
United States,Youth Unemployment Rate,1997-11-30T00:00:00,10.8,Monthly,UnitedStaYouUneRat,2015-04-25T21:41:00
United States,Youth Unemployment Rate,1997-12-31T00:00:00,10.5,Monthly,UnitedStaYouUneRat,2013-11-06T17:08:00
United States,Youth Unemployment Rate,1998-01-31T00:00:00,10.9,Monthly,UnitedStaYouUneRat,2013-11-06T17:08:00
United States,Youth Unemployment Rate,1998-02-28T00:00:00,10.6,Monthly,UnitedStaYouUneRat,2015-04-25T21:41:00
United States,Youth Unemployment Rate,1998-03-31T00:00:00,10.5,Monthly,UnitedStaYouUneRat,2015-04-25T21:41:00
United States,Youth Unemployment Rate,1998-04-30T00:00:00,9.7,Monthly,UnitedStaYouUneRat,2013-11-06T17:08:00
United States,Youth Unemployment Rate,1998-05-31T00:00:00,10.3,Monthly,UnitedStaYouUneRat,2013-11-06T17:08:00
United States,Youth Unemployment Rate,1998-06-30T00:00:00,10.6,Monthly,UnitedStaYouUneRat,2013-11-06T17:08:00
United States,Youth Unemployment Rate,1998-07-31T00:00:00,10.6,Monthly,UnitedStaYouUneRat,2013-11-06T17:08:00
United States,Youth Unemployment Rate,1998-08-31T00:00:00,10.8,Monthly,UnitedStaYouUneRat,2015-04-25T21:41:00
United States,Youth Unemployment Rate,1998-09-30T00:00:00,11,Monthly,UnitedStaYouUneRat,2013-11-06T17:08:00
United States,Youth Unemployment Rate,1998-10-31T00:00:00,10.5,Monthly,UnitedStaYouUneRat,2013-11-06T17:08:00
United States,Youth Unemployment Rate,1998-11-30T00:00:00,9.8,Monthly,UnitedStaYouUneRat,2015-04-25T21:41:00
United States,Youth Unemployment Rate,1998-12-31T00:00:00,9.6,Monthly,UnitedStaYouUneRat,2013-11-06T17:08:00
United States,Youth Unemployment Rate,1999-01-31T00:00:00,10.2,Monthly,UnitedStaYouUneRat,2013-11-06T17:08:00
United States,Youth Unemployment Rate,1999-02-28T00:00:00,10.1,Monthly,UnitedStaYouUneRat,2013-11-06T17:08:00
United States,Youth Unemployment Rate,1999-03-31T00:00:00,9.9,Monthly,UnitedStaYouUneRat,2013-11-06T17:08:00
United States,Youth Unemployment Rate,1999-04-30T00:00:00,10,Monthly,UnitedStaYouUneRat,2013-11-06T17:08:00
United States,Youth Unemployment Rate,1999-05-31T00:00:00,9.6,Monthly,UnitedStaYouUneRat,2015-04-25T21:41:00
United States,Youth Unemployment Rate,1999-06-30T00:00:00,10,Monthly,UnitedStaYouUneRat,2013-11-06T17:08:00
United States,Youth Unemployment Rate,1999-07-31T00:00:00,9.9,Monthly,UnitedStaYouUneRat,2013-11-06T17:08:00
United States,Youth Unemployment Rate,1999-08-31T00:00:00,9.6,Monthly,UnitedStaYouUneRat,2015-04-25T21:41:00
United States,Youth Unemployment Rate,1999-09-30T00:00:00,10.2,Monthly,UnitedStaYouUneRat,2013-11-06T17:08:00
United States,Youth Unemployment Rate,1999-10-31T00:00:00,10,Monthly,UnitedStaYouUneRat,2013-11-06T17:08:00
United States,Youth Unemployment Rate,1999-11-30T00:00:00,9.9,Monthly,UnitedStaYouUneRat,2013-11-06T17:08:00
United States,Youth Unemployment Rate,1999-12-31T00:00:00,9.6,Monthly,UnitedStaYouUneRat,2013-11-06T17:08:00
United States,Youth Unemployment Rate,2000-01-31T00:00:00,9.4,Monthly,UnitedStaYouUneRat,2015-04-25T21:41:00
United States,Youth Unemployment Rate,2000-02-29T00:00:00,9.9,Monthly,UnitedStaYouUneRat,2013-11-06T17:08:00
United States,Youth Unemployment Rate,2000-03-31T00:00:00,9.6,Monthly,UnitedStaYouUneRat,2013-11-06T17:08:00
United States,Youth Unemployment Rate,2000-04-30T00:00:00,9.2,Monthly,UnitedStaYouUneRat,2015-04-25T21:41:00
United States,Youth Unemployment Rate,2000-05-31T00:00:00,9.8,Monthly,UnitedStaYouUneRat,2013-11-06T17:08:00
United States,Youth Unemployment Rate,2000-06-30T00:00:00,9.3,Monthly,UnitedStaYouUneRat,2013-11-06T17:08:00
United States,Youth Unemployment Rate,2000-07-31T00:00:00,9.3,Monthly,UnitedStaYouUneRat,2015-04-25T21:41:00
United States,Youth Unemployment Rate,2000-08-31T00:00:00,9.3,Monthly,UnitedStaYouUneRat,2013-11-06T17:08:00
United States,Youth Unemployment Rate,2000-09-30T00:00:00,8.9,Monthly,UnitedStaYouUneRat,2013-11-06T17:08:00
United States,Youth Unemployment Rate,2000-10-31T00:00:00,8.9,Monthly,UnitedStaYouUneRat,2015-04-25T21:41:00
United States,Youth Unemployment Rate,2000-11-30T00:00:00,9.1,Monthly,UnitedStaYouUneRat,2013-11-06T17:08:00
United States,Youth Unemployment Rate,2000-12-31T00:00:00,9.2,Monthly,UnitedStaYouUneRat,2013-11-06T17:08:00
United States,Youth Unemployment Rate,2001-01-31T00:00:00,9.6,Monthly,UnitedStaYouUneRat,2013-11-06T17:08:00
United States,Youth Unemployment Rate,2001-02-28T00:00:00,9.6,Monthly,UnitedStaYouUneRat,2013-11-06T17:08:00
United States,Youth Unemployment Rate,2001-03-31T00:00:00,9.8,Monthly,UnitedStaYouUneRat,2013-11-06T17:08:00
United States,Youth Unemployment Rate,2001-04-30T00:00:00,10.2,Monthly,UnitedStaYouUneRat,2015-04-25T21:41:00
United States,Youth Unemployment Rate,2001-05-31T00:00:00,9.9,Monthly,UnitedStaYouUneRat,2013-11-06T17:08:00
United States,Youth Unemployment Rate,2001-06-30T00:00:00,10.4,Monthly,UnitedStaYouUneRat,2013-11-06T17:08:00
United States,Youth Unemployment Rate,2001-07-31T00:00:00,10.2,Monthly,UnitedStaYouUneRat,2015-04-25T21:41:00
United States,Youth Unemployment Rate,2001-08-31T00:00:00,11.2,Monthly,UnitedStaYouUneRat,2013-11-06T17:08:00
United States,Youth Unemployment Rate,2001-09-30T00:00:00,10.8,Monthly,UnitedStaYouUneRat,2015-04-25T21:41:00
United States,Youth Unemployment Rate,2001-10-31T00:00:00,11.5,Monthly,UnitedStaYouUneRat,2013-11-06T17:08:00
United States,Youth Unemployment Rate,2001-11-30T00:00:00,11.6,Monthly,UnitedStaYouUneRat,2013-11-06T17:08:00
United States,Youth Unemployment Rate,2001-12-31T00:00:00,12.2,Monthly,UnitedStaYouUneRat,2015-04-25T21:41:00
United States,Youth Unemployment Rate,2002-01-31T00:00:00,12.1,Monthly,UnitedStaYouUneRat,2013-11-06T17:08:00
United States,Youth Unemployment Rate,2002-02-28T00:00:00,11.8,Monthly,UnitedStaYouUneRat,2013-11-06T17:08:00
United States,Youth Unemployment Rate,2002-03-31T00:00:00,12.5,Monthly,UnitedStaYouUneRat,2013-11-06T17:08:00
United States,Youth Unemployment Rate,2002-04-30T00:00:00,12.3,Monthly,UnitedStaYouUneRat,2013-11-06T17:08:00
United States,Youth Unemployment Rate,2002-05-31T00:00:00,11.6,Monthly,UnitedStaYouUneRat,2013-11-06T17:08:00
United States,Youth Unemployment Rate,2002-06-30T00:00:00,11.8,Monthly,UnitedStaYouUneRat,2015-04-25T21:41:00
United States,Youth Unemployment Rate,2002-07-31T00:00:00,12.1,Monthly,UnitedStaYouUneRat,2013-11-06T17:08:00
United States,Youth Unemployment Rate,2002-08-31T00:00:00,12,Monthly,UnitedStaYouUneRat,2013-11-06T17:08:00
United States,Youth Unemployment Rate,2002-09-30T00:00:00,11.7,Monthly,UnitedStaYouUneRat,2015-04-25T21:41:00
United States,Youth Unemployment Rate,2002-10-31T00:00:00,11.8,Monthly,UnitedStaYouUneRat,2013-11-06T17:08:00
United States,Youth Unemployment Rate,2002-11-30T00:00:00,12.1,Monthly,UnitedStaYouUneRat,2013-11-06T17:08:00
United States,Youth Unemployment Rate,2002-12-31T00:00:00,12.1,Monthly,UnitedStaYouUneRat,2015-04-25T21:41:00
United States,Youth Unemployment Rate,2003-01-31T00:00:00,12,Monthly,UnitedStaYouUneRat,2013-11-06T17:08:00
United States,Youth Unemployment Rate,2003-02-28T00:00:00,12.1,Monthly,UnitedStaYouUneRat,2015-04-25T21:41:00
United States,Youth Unemployment Rate,2003-03-31T00:00:00,12,Monthly,UnitedStaYouUneRat,2015-04-25T21:41:00
United States,Youth Unemployment Rate,2003-04-30T00:00:00,12.6,Monthly,UnitedStaYouUneRat,2013-11-06T17:08:00
United States,Youth Unemployment Rate,2003-05-31T00:00:00,12.9,Monthly,UnitedStaYouUneRat,2013-11-06T17:08:00
United States,Youth Unemployment Rate,2003-06-30T00:00:00,13.2,Monthly,UnitedStaYouUneRat,2015-04-25T21:41:00
United States,Youth Unemployment Rate,2003-07-31T00:00:00,13,Monthly,UnitedStaYouUneRat,2013-11-06T17:08:00
United States,Youth Unemployment Rate,2003-08-31T00:00:00,12.3,Monthly,UnitedStaYouUneRat,2013-11-06T17:08:00
United States,Youth Unemployment Rate,2003-09-30T00:00:00,12.8,Monthly,UnitedStaYouUneRat,2013-11-06T17:08:00
United States,Youth Unemployment Rate,2003-10-31T00:00:00,12.2,Monthly,UnitedStaYouUneRat,2013-11-06T17:08:00
United States,Youth Unemployment Rate,2003-11-30T00:00:00,12.1,Monthly,UnitedStaYouUneRat,2015-04-25T21:41:00
United States,Youth Unemployment Rate,2003-12-31T00:00:00,11.7,Monthly,UnitedStaYouUneRat,2013-11-06T17:08:00
United States,Youth Unemployment Rate,2004-01-31T00:00:00,12,Monthly,UnitedStaYouUneRat,2013-11-06T17:08:00
United States,Youth Unemployment Rate,2004-02-29T00:00:00,11.7,Monthly,UnitedStaYouUneRat,2015-04-25T21:41:00
United States,Youth Unemployment Rate,2004-03-31T00:00:00,12,Monthly,UnitedStaYouUneRat,2013-11-06T17:08:00
United States,Youth Unemployment Rate,2004-04-30T00:00:00,11.6,Monthly,UnitedStaYouUneRat,2013-11-06T17:08:00
United States,Youth Unemployment Rate,2004-05-31T00:00:00,12.1,Monthly,UnitedStaYouUneRat,2015-04-25T21:41:00
United States,Youth Unemployment Rate,2004-06-30T00:00:00,12,Monthly,UnitedStaYouUneRat,2013-11-06T17:08:00
United States,Youth Unemployment Rate,2004-07-31T00:00:00,12.1,Monthly,UnitedStaYouUneRat,2013-11-06T17:08:00
United States,Youth Unemployment Rate,2004-08-31T00:00:00,11.5,Monthly,UnitedStaYouUneRat,2015-04-25T21:41:00
United States,Youth Unemployment Rate,2004-09-30T00:00:00,11.7,Monthly,UnitedStaYouUneRat,2013-11-06T17:08:00
United States,Youth Unemployment Rate,2004-10-31T00:00:00,12.1,Monthly,UnitedStaYouUneRat,2013-11-06T17:08:00
United States,Youth Unemployment Rate,2004-11-30T00:00:00,11.5,Monthly,UnitedStaYouUneRat,2013-11-06T17:08:00
United States,Youth Unemployment Rate,2004-12-31T00:00:00,11.7,Monthly,UnitedStaYouUneRat,2013-11-06T17:08:00
United States,Youth Unemployment Rate,2005-01-31T00:00:00,11.6,Monthly,UnitedStaYouUneRat,2015-04-25T21:41:00
United States,Youth Unemployment Rate,2005-02-28T00:00:00,12.4,Monthly,UnitedStaYouUneRat,2013-11-06T17:08:00
United States,Youth Unemployment Rate,2005-03-31T00:00:00,11.8,Monthly,UnitedStaYouUneRat,2013-11-06T17:08:00
United States,Youth Unemployment Rate,2005-04-30T00:00:00,11.8,Monthly,UnitedStaYouUneRat,2013-11-06T17:08:00
United States,Youth Unemployment Rate,2005-05-31T00:00:00,11.7,Monthly,UnitedStaYouUneRat,2015-04-25T21:41:00
United States,Youth Unemployment Rate,2005-06-30T00:00:00,11.1,Monthly,UnitedStaYouUneRat,2013-11-06T17:08:00
United States,Youth Unemployment Rate,2005-07-31T00:00:00,10.7,Monthly,UnitedStaYouUneRat,2013-11-06T17:08:00
United States,Youth Unemployment Rate,2005-08-31T00:00:00,11.1,Monthly,UnitedStaYouUneRat,2013-11-06T17:08:00
United States,Youth Unemployment Rate,2005-09-30T00:00:00,10.8,Monthly,UnitedStaYouUneRat,2013-11-06T17:08:00
United States,Youth Unemployment Rate,2005-10-31T00:00:00,10.8,Monthly,UnitedStaYouUneRat,2015-04-25T21:41:00
United States,Youth Unemployment Rate,2005-11-30T00:00:00,11.1,Monthly,UnitedStaYouUneRat,2013-11-06T17:08:00
United States,Youth Unemployment Rate,2005-12-31T00:00:00,10.5,Monthly,UnitedStaYouUneRat,2013-11-06T17:08:00
United States,Youth Unemployment Rate,2006-01-31T00:00:00,10.4,Monthly,UnitedStaYouUneRat,2015-04-25T21:41:00
United States,Youth Unemployment Rate,2006-02-28T00:00:00,10.8,Monthly,UnitedStaYouUneRat,2013-11-06T17:08:00
United States,Youth Unemployment Rate,2006-03-31T00:00:00,10.5,Monthly,UnitedStaYouUneRat,2013-11-06T17:08:00
United States,Youth Unemployment Rate,2006-04-30T00:00:00,10.3,Monthly,UnitedStaYouUneRat,2015-04-25T21:41:00
United States,Youth Unemployment Rate,2006-05-31T00:00:00,10,Monthly,UnitedStaYouUneRat,2013-11-06T17:08:00
United States,Youth Unemployment Rate,2006-06-30T00:00:00,10.4,Monthly,UnitedStaYouUneRat,2013-11-06T17:08:00
United States,Youth Unemployment Rate,2006-07-31T00:00:00,10.9,Monthly,UnitedStaYouUneRat,2015-04-25T21:41:00
United States,Youth Unemployment Rate,2006-08-31T00:00:00,10.7,Monthly,UnitedStaYouUneRat,2013-11-06T17:08:00
United States,Youth Unemployment Rate,2006-09-30T00:00:00,10.6,Monthly,UnitedStaYouUneRat,2013-11-06T17:08:00
United States,Youth Unemployment Rate,2006-10-31T00:00:00,10.6,Monthly,UnitedStaYouUneRat,2015-04-25T21:41:00
United States,Youth Unemployment Rate,2006-11-30T00:00:00,10.6,Monthly,UnitedStaYouUneRat,2013-11-06T17:08:00
United States,Youth Unemployment Rate,2006-12-31T00:00:00,10,Monthly,UnitedStaYouUneRat,2013-11-06T17:08:00
United States,Youth Unemployment Rate,2007-01-31T00:00:00,10.3,Monthly,UnitedStaYouUneRat,2013-11-06T17:08:00
United States,Youth Unemployment Rate,2007-02-28T00:00:00,9.9,Monthly,UnitedStaYouUneRat,2013-11-06T17:08:00
United States,Youth Unemployment Rate,2007-03-31T00:00:00,10,Monthly,UnitedStaYouUneRat,2013-11-06T17:08:00
United States,Youth Unemployment Rate,2007-04-30T00:00:00,10.3,Monthly,UnitedStaYouUneRat,2015-04-25T21:41:00
United States,Youth Unemployment Rate,2007-05-31T00:00:00,9.9,Monthly,UnitedStaYouUneRat,2013-11-06T17:08:00
United States,Youth Unemployment Rate,2007-06-30T00:00:00,10.6,Monthly,UnitedStaYouUneRat,2013-11-06T17:08:00
United States,Youth Unemployment Rate,2007-07-31T00:00:00,10.5,Monthly,UnitedStaYouUneRat,2015-04-25T21:41:00
United States,Youth Unemployment Rate,2007-08-31T00:00:00,10.7,Monthly,UnitedStaYouUneRat,2013-11-06T17:08:00
United States,Youth Unemployment Rate,2007-09-30T00:00:00,11.2,Monthly,UnitedStaYouUneRat,2015-04-25T21:41:00
United States,Youth Unemployment Rate,2007-10-31T00:00:00,10.7,Monthly,UnitedStaYouUneRat,2013-11-06T17:08:00
United States,Youth Unemployment Rate,2007-11-30T00:00:00,10.8,Monthly,UnitedStaYouUneRat,2013-11-06T17:08:00
United States,Youth Unemployment Rate,2007-12-31T00:00:00,11.7,Monthly,UnitedStaYouUneRat,2015-04-25T21:41:00
United States,Youth Unemployment Rate,2008-01-31T00:00:00,11.7,Monthly,UnitedStaYouUneRat,2013-11-06T17:08:00
United States,Youth Unemployment Rate,2008-02-29T00:00:00,11.4,Monthly,UnitedStaYouUneRat,2013-11-06T17:08:00
United States,Youth Unemployment Rate,2008-03-31T00:00:00,11.4,Monthly,UnitedStaYouUneRat,2015-04-25T21:41:00
United States,Youth Unemployment Rate,2008-04-30T00:00:00,11,Monthly,UnitedStaYouUneRat,2013-11-06T17:08:00
United States,Youth Unemployment Rate,2008-05-31T00:00:00,13,Monthly,UnitedStaYouUneRat,2013-11-06T17:08:00
United States,Youth Unemployment Rate,2008-06-30T00:00:00,12.9,Monthly,UnitedStaYouUneRat,2015-04-25T21:41:00
United States,Youth Unemployment Rate,2008-07-31T00:00:00,13.5,Monthly,UnitedStaYouUneRat,2013-11-06T17:08:00
United States,Youth Unemployment Rate,2008-08-31T00:00:00,13.1,Monthly,UnitedStaYouUneRat,2013-11-06T17:08:00
United States,Youth Unemployment Rate,2008-09-30T00:00:00,13.5,Monthly,UnitedStaYouUneRat,2013-11-06T17:08:00
United States,Youth Unemployment Rate,2008-10-31T00:00:00,13.6,Monthly,UnitedStaYouUneRat,2013-11-06T17:08:00
United States,Youth Unemployment Rate,2008-11-30T00:00:00,14,Monthly,UnitedStaYouUneRat,2015-04-25T21:41:00
United States,Youth Unemployment Rate,2008-12-31T00:00:00,14.8,Monthly,UnitedStaYouUneRat,2013-11-06T17:08:00
United States,Youth Unemployment Rate,2009-01-31T00:00:00,15,Monthly,UnitedStaYouUneRat,2013-11-06T17:08:00
United States,Youth Unemployment Rate,2009-02-28T00:00:00,16,Monthly,UnitedStaYouUneRat,2015-04-25T21:41:00
United States,Youth Unemployment Rate,2009-03-31T00:00:00,16.5,Monthly,UnitedStaYouUneRat,2015-04-25T21:41:00
United States,Youth Unemployment Rate,2009-04-30T00:00:00,16.7,Monthly,UnitedStaYouUneRat,2013-11-06T17:08:00
United States,Youth Unemployment Rate,2009-05-31T00:00:00,17.6,Monthly,UnitedStaYouUneRat,2013-11-06T17:08:00
United States,Youth Unemployment Rate,2009-06-30T00:00:00,18,Monthly,UnitedStaYouUneRat,2015-04-25T21:41:00
United States,Youth Unemployment Rate,2009-07-31T00:00:00,17.9,Monthly,UnitedStaYouUneRat,2013-11-06T17:08:00
United States,Youth Unemployment Rate,2009-08-31T00:00:00,18.1,Monthly,UnitedStaYouUneRat,2015-04-25T21:41:00
United States,Youth Unemployment Rate,2009-09-30T00:00:00,18.4,Monthly,UnitedStaYouUneRat,2013-11-06T17:08:00
United States,Youth Unemployment Rate,2009-10-31T00:00:00,19.1,Monthly,UnitedStaYouUneRat,2013-11-06T17:08:00
United States,Youth Unemployment Rate,2009-11-30T00:00:00,19.2,Monthly,UnitedStaYouUneRat,2015-04-25T21:41:00
United States,Youth Unemployment Rate,2009-12-31T00:00:00,18.8,Monthly,UnitedStaYouUneRat,2015-04-25T21:41:00
United States,Youth Unemployment Rate,2010-01-31T00:00:00,18.8,Monthly,UnitedStaYouUneRat,2013-11-06T17:08:00
United States,Youth Unemployment Rate,2010-02-28T00:00:00,18.7,Monthly,UnitedStaYouUneRat,2015-02-10T15:09:00
United States,Youth Unemployment Rate,2010-03-31T00:00:00,18.8,Monthly,UnitedStaYouUneRat,2013-11-06T17:08:00
United States,Youth Unemployment Rate,2010-04-30T00:00:00,19.5,Monthly,UnitedStaYouUneRat,2015-02-10T15:09:00
United States,Youth Unemployment Rate,2010-05-31T00:00:00,18.1,Monthly,UnitedStaYouUneRat,2015-02-10T15:09:00
United States,Youth Unemployment Rate,2010-06-30T00:00:00,18.2,Monthly,UnitedStaYouUneRat,2013-11-06T17:08:00
United States,Youth Unemployment Rate,2010-07-31T00:00:00,18.4,Monthly,UnitedStaYouUneRat,2013-11-06T17:08:00
United States,Youth Unemployment Rate,2010-08-31T00:00:00,17.7,Monthly,UnitedStaYouUneRat,2015-02-10T15:09:00
United States,Youth Unemployment Rate,2010-09-30T00:00:00,17.9,Monthly,UnitedStaYouUneRat,2013-11-06T17:08:00
United States,Youth Unemployment Rate,2010-10-31T00:00:00,18.7,Monthly,UnitedStaYouUneRat,2013-11-06T17:08:00
United States,Youth Unemployment Rate,2010-11-30T00:00:00,18.5,Monthly,UnitedStaYouUneRat,2015-02-10T15:09:00
United States,Youth Unemployment Rate,2010-12-31T00:00:00,17.9,Monthly,UnitedStaYouUneRat,2015-02-10T15:09:00
United States,Youth Unemployment Rate,2011-01-31T00:00:00,18.1,Monthly,UnitedStaYouUneRat,2015-02-10T15:09:00
United States,Youth Unemployment Rate,2011-02-28T00:00:00,17.7,Monthly,UnitedStaYouUneRat,2013-11-06T17:08:00
United States,Youth Unemployment Rate,2011-03-31T00:00:00,17.6,Monthly,UnitedStaYouUneRat,2013-11-06T17:08:00
United States,Youth Unemployment Rate,2011-04-30T00:00:00,17.6,Monthly,UnitedStaYouUneRat,2015-02-10T15:09:00
United States,Youth Unemployment Rate,2011-05-31T00:00:00,17.3,Monthly,UnitedStaYouUneRat,2015-02-10T15:09:00
United States,Youth Unemployment Rate,2011-06-30T00:00:00,17.1,Monthly,UnitedStaYouUneRat,2015-02-10T15:09:00
United States,Youth Unemployment Rate,2011-07-31T00:00:00,17.3,Monthly,UnitedStaYouUneRat,2013-11-06T17:08:00
United States,Youth Unemployment Rate,2011-08-31T00:00:00,17.4,Monthly,UnitedStaYouUneRat,2015-02-10T15:09:00
United States,Youth Unemployment Rate,2011-09-30T00:00:00,17.3,Monthly,UnitedStaYouUneRat,2013-11-06T17:08:00
United States,Youth Unemployment Rate,2011-10-31T00:00:00,16.7,Monthly,UnitedStaYouUneRat,2015-02-10T15:09:00
United States,Youth Unemployment Rate,2011-11-30T00:00:00,17,Monthly,UnitedStaYouUneRat,2020-01-10T14:37:00
United States,Youth Unemployment Rate,2011-12-31T00:00:00,16.7,Monthly,UnitedStaYouUneRat,2015-02-10T15:09:00
United States,Youth Unemployment Rate,2012-01-31T00:00:00,16.1,Monthly,UnitedStaYouUneRat,2015-02-10T15:09:00
United States,Youth Unemployment Rate,2012-02-29T00:00:00,16.5,Monthly,UnitedStaYouUneRat,2013-11-06T17:08:00
United States,Youth Unemployment Rate,2012-03-31T00:00:00,16.2,Monthly,UnitedStaYouUneRat,2020-01-10T14:37:00
United States,Youth Unemployment Rate,2012-04-30T00:00:00,16.6,Monthly,UnitedStaYouUneRat,2020-01-10T14:37:00
United States,Youth Unemployment Rate,2012-05-31T00:00:00,16.1,Monthly,UnitedStaYouUneRat,2013-11-06T17:08:00
United States,Youth Unemployment Rate,2012-06-30T00:00:00,16.2,Monthly,UnitedStaYouUneRat,2020-01-10T14:37:00
United States,Youth Unemployment Rate,2012-07-31T00:00:00,16.3,Monthly,UnitedStaYouUneRat,2015-02-10T15:09:00
United States,Youth Unemployment Rate,2012-08-31T00:00:00,16.7,Monthly,UnitedStaYouUneRat,2015-02-10T15:09:00
United States,Youth Unemployment Rate,2012-09-30T00:00:00,15.5,Monthly,UnitedStaYouUneRat,2020-01-10T14:37:00
United States,Youth Unemployment Rate,2012-10-31T00:00:00,16,Monthly,UnitedStaYouUneRat,2020-01-10T14:37:00
United States,Youth Unemployment Rate,2012-11-30T00:00:00,15.9,Monthly,UnitedStaYouUneRat,2015-02-10T15:09:00
United States,Youth Unemployment Rate,2012-12-31T00:00:00,16.5,Monthly,UnitedStaYouUneRat,2020-01-10T14:37:00
United States,Youth Unemployment Rate,2013-01-31T00:00:00,16.8,Monthly,UnitedStaYouUneRat,2013-11-06T17:08:00
United States,Youth Unemployment Rate,2013-02-28T00:00:00,16.3,Monthly,UnitedStaYouUneRat,2020-01-10T14:37:00
United States,Youth Unemployment Rate,2013-03-31T00:00:00,16.1,Monthly,UnitedStaYouUneRat,2015-02-10T15:09:00
United States,Youth Unemployment Rate,2013-04-30T00:00:00,16.3,Monthly,UnitedStaYouUneRat,2020-01-10T14:37:00
United States,Youth Unemployment Rate,2013-05-31T00:00:00,16.3,Monthly,UnitedStaYouUneRat,2020-01-10T14:37:00
United States,Youth Unemployment Rate,2013-06-30T00:00:00,16,Monthly,UnitedStaYouUneRat,2020-01-10T14:37:00
United States,Youth Unemployment Rate,2013-07-31T00:00:00,15.4,Monthly,UnitedStaYouUneRat,2020-01-10T14:37:00
United States,Youth Unemployment Rate,2013-08-31T00:00:00,15.7,Monthly,UnitedStaYouUneRat,2020-01-10T14:37:00
United States,Youth Unemployment Rate,2013-09-30T00:00:00,15.1,Monthly,UnitedStaYouUneRat,2020-01-10T14:37:00
United States,Youth Unemployment Rate,2013-10-31T00:00:00,14.8,Monthly,UnitedStaYouUneRat,2020-01-10T14:37:00
United States,Youth Unemployment Rate,2013-11-30T00:00:00,14.1,Monthly,UnitedStaYouUneRat,2020-01-10T14:37:00
United States,Youth Unemployment Rate,2013-12-31T00:00:00,13.4,Monthly,UnitedStaYouUneRat,2020-01-10T14:37:00
United States,Youth Unemployment Rate,2014-01-31T00:00:00,14.1,Monthly,UnitedStaYouUneRat,2019-01-08T10:38:00
United States,Youth Unemployment Rate,2014-02-28T00:00:00,14.5,Monthly,UnitedStaYouUneRat,2019-01-08T10:38:00
United States,Youth Unemployment Rate,2014-03-31T00:00:00,14.6,Monthly,UnitedStaYouUneRat,2019-01-08T10:38:00
United States,Youth Unemployment Rate,2014-04-30T00:00:00,13,Monthly,UnitedStaYouUneRat,2019-01-08T10:38:00
United States,Youth Unemployment Rate,2014-05-31T00:00:00,13.3,Monthly,UnitedStaYouUneRat,2019-01-08T10:38:00
United States,Youth Unemployment Rate,2014-06-30T00:00:00,13.1,Monthly,UnitedStaYouUneRat,2019-01-08T10:38:00
United States,Youth Unemployment Rate,2014-07-31T00:00:00,13.5,Monthly,UnitedStaYouUneRat,2019-01-08T10:38:00
United States,Youth Unemployment Rate,2014-08-31T00:00:00,13.2,Monthly,UnitedStaYouUneRat,2019-01-08T10:38:00
United States,Youth Unemployment Rate,2014-09-30T00:00:00,13.8,Monthly,UnitedStaYouUneRat,2019-01-08T10:38:00
United States,Youth Unemployment Rate,2014-10-31T00:00:00,12.6,Monthly,UnitedStaYouUneRat,2019-01-08T10:38:00
United States,Youth Unemployment Rate,2014-11-30T00:00:00,12.5,Monthly,UnitedStaYouUneRat,2019-01-08T10:38:00
United States,Youth Unemployment Rate,2014-12-31T00:00:00,12.2,Monthly,UnitedStaYouUneRat,2019-01-08T10:38:00
United States,Youth Unemployment Rate,2015-01-31T00:00:00,12,Monthly,UnitedStaYouUneRat,2020-01-10T14:37:00
United States,Youth Unemployment Rate,2015-02-28T00:00:00,11.8,Monthly,UnitedStaYouUneRat,2020-01-10T14:37:00
United States,Youth Unemployment Rate,2015-03-31T00:00:00,12.5,Monthly,UnitedStaYouUneRat,2019-01-08T10:38:00
United States,Youth Unemployment Rate,2015-04-30T00:00:00,11.8,Monthly,UnitedStaYouUneRat,2020-01-10T14:37:00
United States,Youth Unemployment Rate,2015-05-31T00:00:00,12.3,Monthly,UnitedStaYouUneRat,2019-01-08T10:38:00
United States,Youth Unemployment Rate,2015-06-30T00:00:00,11.9,Monthly,UnitedStaYouUneRat,2019-01-08T10:38:00
United States,Youth Unemployment Rate,2015-07-31T00:00:00,11.5,Monthly,UnitedStaYouUneRat,2019-01-08T10:38:00
United States,Youth Unemployment Rate,2015-08-31T00:00:00,11.1,Monthly,UnitedStaYouUneRat,2019-01-08T10:38:00
United States,Youth Unemployment Rate,2015-09-30T00:00:00,11.2,Monthly,UnitedStaYouUneRat,2020-01-10T14:37:00
United States,Youth Unemployment Rate,2015-10-31T00:00:00,11,Monthly,UnitedStaYouUneRat,2020-01-10T14:37:00
United States,Youth Unemployment Rate,2015-11-30T00:00:00,11.2,Monthly,UnitedStaYouUneRat,2020-01-10T14:37:00
United States,Youth Unemployment Rate,2015-12-31T00:00:00,11.1,Monthly,UnitedStaYouUneRat,2019-01-08T10:38:00
United States,Youth Unemployment Rate,2016-01-31T00:00:00,10,Monthly,UnitedStaYouUneRat,2020-01-10T14:37:00
United States,Youth Unemployment Rate,2016-02-29T00:00:00,10.5,Monthly,UnitedStaYouUneRat,2021-01-08T14:03:00
United States,Youth Unemployment Rate,2016-03-31T00:00:00,10.7,Monthly,UnitedStaYouUneRat,2021-01-08T14:03:00
United States,Youth Unemployment Rate,2016-04-30T00:00:00,11,Monthly,UnitedStaYouUneRat,2019-01-08T10:38:00
United States,Youth Unemployment Rate,2016-05-31T00:00:00,10.4,Monthly,UnitedStaYouUneRat,2021-01-08T14:03:00
United States,Youth Unemployment Rate,2016-06-30T00:00:00,10.5,Monthly,UnitedStaYouUneRat,2021-01-08T14:03:00
United States,Youth Unemployment Rate,2016-07-31T00:00:00,10.6,Monthly,UnitedStaYouUneRat,2021-01-08T14:03:00
United States,Youth Unemployment Rate,2016-08-31T00:00:00,10.2,Monthly,UnitedStaYouUneRat,2021-01-08T14:03:00
United States,Youth Unemployment Rate,2016-09-30T00:00:00,10.4,Monthly,UnitedStaYouUneRat,2021-01-08T14:03:00
United States,Youth Unemployment Rate,2016-10-31T00:00:00,10.6,Monthly,UnitedStaYouUneRat,2021-01-08T14:03:00
United States,Youth Unemployment Rate,2016-11-30T00:00:00,10.3,Monthly,UnitedStaYouUneRat,2021-01-08T14:03:00
United States,Youth Unemployment Rate,2016-12-31T00:00:00,10,Monthly,UnitedStaYouUneRat,2021-01-08T14:03:00
United States,Youth Unemployment Rate,2017-01-31T00:00:00,10,Monthly,UnitedStaYouUneRat,2022-01-07T14:11:00
United States,Youth Unemployment Rate,2017-02-28T00:00:00,9.8,Monthly,UnitedStaYouUneRat,2021-01-08T14:03:00
United States,Youth Unemployment Rate,2017-03-31T00:00:00,9,Monthly,UnitedStaYouUneRat,2022-01-07T14:11:00
United States,Youth Unemployment Rate,2017-04-30T00:00:00,9.3,Monthly,UnitedStaYouUneRat,2022-01-07T14:11:00
United States,Youth Unemployment Rate,2017-05-31T00:00:00,8.7,Monthly,UnitedStaYouUneRat,2022-01-07T14:11:00
United States,Youth Unemployment Rate,2017-06-30T00:00:00,9.1,Monthly,UnitedStaYouUneRat,2022-01-07T14:11:00
United States,Youth Unemployment Rate,2017-07-31T00:00:00,8.9,Monthly,UnitedStaYouUneRat,2022-01-07T14:11:00
United States,Youth Unemployment Rate,2017-08-31T00:00:00,8.9,Monthly,UnitedStaYouUneRat,2022-01-07T14:11:00
United States,Youth Unemployment Rate,2017-09-30T00:00:00,9.1,Monthly,UnitedStaYouUneRat,2022-01-07T14:11:00
United States,Youth Unemployment Rate,2017-10-31T00:00:00,9.2,Monthly,UnitedStaYouUneRat,2022-01-07T14:11:00
United States,Youth Unemployment Rate,2017-11-30T00:00:00,9.8,Monthly,UnitedStaYouUneRat,2022-01-07T14:11:00
United States,Youth Unemployment Rate,2017-12-31T00:00:00,9.1,Monthly,UnitedStaYouUneRat,2022-01-07T14:11:00
United States,Youth Unemployment Rate,2018-01-31T00:00:00,9.2,Monthly,UnitedStaYouUneRat,2022-01-07T14:11:00
United States,Youth Unemployment Rate,2018-02-28T00:00:00,9,Monthly,UnitedStaYouUneRat,2021-01-08T14:03:00
United States,Youth Unemployment Rate,2018-03-31T00:00:00,8.3,Monthly,UnitedStaYouUneRat,2022-01-07T14:11:00
United States,Youth Unemployment Rate,2018-04-30T00:00:00,8.3,Monthly,UnitedStaYouUneRat,2022-01-07T14:11:00
United States,Youth Unemployment Rate,2018-05-31T00:00:00,8.6,Monthly,UnitedStaYouUneRat,2022-01-07T14:11:00
United States,Youth Unemployment Rate,2018-06-30T00:00:00,8.8,Monthly,UnitedStaYouUneRat,2022-01-07T14:11:00
United States,Youth Unemployment Rate,2018-07-31T00:00:00,8.6,Monthly,UnitedStaYouUneRat,2022-01-07T14:11:00
United States,Youth Unemployment Rate,2018-08-31T00:00:00,8.2,Monthly,UnitedStaYouUneRat,2022-01-07T14:11:00
United States,Youth Unemployment Rate,2018-09-30T00:00:00,8.5,Monthly,UnitedStaYouUneRat,2022-01-07T14:11:00
United States,Youth Unemployment Rate,2018-10-31T00:00:00,8.5,Monthly,UnitedStaYouUneRat,2022-01-07T14:11:00
United States,Youth Unemployment Rate,2018-11-30T00:00:00,8.3,Monthly,UnitedStaYouUneRat,2022-01-07T14:11:00
United States,Youth Unemployment Rate,2018-12-31T00:00:00,8.9,Monthly,UnitedStaYouUneRat,2022-01-07T14:11:00
United States,Youth Unemployment Rate,2019-01-31T00:00:00,9.3,Monthly,UnitedStaYouUneRat,2022-01-07T14:11:00
United States,Youth Unemployment Rate,2019-02-28T00:00:00,9.1,Monthly,UnitedStaYouUneRat,2022-01-07T14:11:00
United States,Youth Unemployment Rate,2019-03-31T00:00:00,8.5,Monthly,UnitedStaYouUneRat,2022-01-07T14:11:00
United States,Youth Unemployment Rate,2019-04-30T00:00:00,8.1,Monthly,UnitedStaYouUneRat,2022-01-07T14:11:00
United States,Youth Unemployment Rate,2019-05-31T00:00:00,8.5,Monthly,UnitedStaYouUneRat,2022-01-07T14:11:00
United States,Youth Unemployment Rate,2019-06-30T00:00:00,7.9,Monthly,UnitedStaYouUneRat,2022-01-07T14:11:00
United States,Youth Unemployment Rate,2019-07-31T00:00:00,8.4,Monthly,UnitedStaYouUneRat,2022-01-07T14:11:00
United States,Youth Unemployment Rate,2019-08-31T00:00:00,8.4,Monthly,UnitedStaYouUneRat,2022-01-07T14:11:00
United States,Youth Unemployment Rate,2019-09-30T00:00:00,7.9,Monthly,UnitedStaYouUneRat,2022-01-07T14:11:00
United States,Youth Unemployment Rate,2019-10-31T00:00:00,8,Monthly,UnitedStaYouUneRat,2022-01-07T14:11:00
United States,Youth Unemployment Rate,2019-11-30T00:00:00,8.1,Monthly,UnitedStaYouUneRat,2022-01-07T14:11:00
United States,Youth Unemployment Rate,2019-12-31T00:00:00,8.3,Monthly,UnitedStaYouUneRat,2022-01-07T14:11:00
United States,Youth Unemployment Rate,2020-01-31T00:00:00,8.5,Monthly,UnitedStaYouUneRat,2022-01-07T14:11:00
United States,Youth Unemployment Rate,2020-02-29T00:00:00,7.8,Monthly,UnitedStaYouUneRat,2021-01-08T14:03:00
United States,Youth Unemployment Rate,2020-03-31T00:00:00,10,Monthly,UnitedStaYouUneRat,2022-01-07T14:11:00
United States,Youth Unemployment Rate,2020-04-30T00:00:00,27.4,Monthly,UnitedStaYouUneRat,2020-05-08T12:43:00
United States,Youth Unemployment Rate,2020-05-31T00:00:00,25.1,Monthly,UnitedStaYouUneRat,2022-01-07T14:11:00
United States,Youth Unemployment Rate,2020-06-30T00:00:00,20.4,Monthly,UnitedStaYouUneRat,2022-01-07T14:11:00
United States,Youth Unemployment Rate,2020-07-31T00:00:00,18.4,Monthly,UnitedStaYouUneRat,2021-01-08T14:03:00
United States,Youth Unemployment Rate,2020-08-31T00:00:00,14.7,Monthly,UnitedStaYouUneRat,2022-01-07T14:11:00
United States,Youth Unemployment Rate,2020-09-30T00:00:00,13.6,Monthly,UnitedStaYouUneRat,2021-01-08T14:03:00
United States,Youth Unemployment Rate,2020-10-31T00:00:00,11.8,Monthly,UnitedStaYouUneRat,2021-01-08T14:03:00
United States,Youth Unemployment Rate,2020-11-30T00:00:00,11.6,Monthly,UnitedStaYouUneRat,2021-01-08T14:03:00
United States,Youth Unemployment Rate,2020-12-31T00:00:00,12.6,Monthly,UnitedStaYouUneRat,2022-01-07T14:11:00
United States,Youth Unemployment Rate,2021-01-31T00:00:00,11.3,Monthly,UnitedStaYouUneRat,2022-01-07T14:11:00
United States,Youth Unemployment Rate,2021-02-28T00:00:00,10.9,Monthly,UnitedStaYouUneRat,2021-03-05T13:52:00
United States,Youth Unemployment Rate,2021-03-31T00:00:00,10.9,Monthly,UnitedStaYouUneRat,2022-01-07T14:11:00
United States,Youth Unemployment Rate,2021-04-30T00:00:00,10.8,Monthly,UnitedStaYouUneRat,2022-01-07T14:11:00
United States,Youth Unemployment Rate,2021-05-31T00:00:00,9.9,Monthly,UnitedStaYouUneRat,2021-06-04T13:04:00
United States,Youth Unemployment Rate,2021-06-30T00:00:00,9.7,Monthly,UnitedStaYouUneRat,2022-01-07T14:11:00
United States,Youth Unemployment Rate,2021-07-31T00:00:00,9.5,Monthly,UnitedStaYouUneRat,2022-01-07T14:11:00
United States,Youth Unemployment Rate,2021-08-31T00:00:00,9.8,Monthly,UnitedStaYouUneRat,2022-01-07T14:11:00
United States,Youth Unemployment Rate,2021-09-30T00:00:00,8.8,Monthly,UnitedStaYouUneRat,2022-01-07T14:11:00
United States,Youth Unemployment Rate,2021-10-31T00:00:00,8.5,Monthly,UnitedStaYouUneRat,2022-01-07T14:11:00
United States,Youth Unemployment Rate,2021-11-30T00:00:00,8.4,Monthly,UnitedStaYouUneRat,2022-01-07T14:11:00
United States,Youth Unemployment Rate,2021-12-31T00:00:00,8.2,Monthly,UnitedStaYouUneRat,2022-01-07T14:11:00
United States,Youth Unemployment Rate,2022-01-31T00:00:00,8.3,Monthly,UnitedStaYouUneRat,2022-03-04T13:40:00
United States,Youth Unemployment Rate,2022-02-28T00:00:00,8.3,Monthly,UnitedStaYouUneRat,2022-03-04T13:40:00
United States,Youth Unemployment Rate,2022-03-31T00:00:00,8.2,Monthly,UnitedStaYouUneRat,2022-04-01T12:39:00
United States,Youth Unemployment Rate,2022-04-30T00:00:00,7.9,Monthly,UnitedStaYouUneRat,2022-05-06T12:42:00
United States,Youth Unemployment Rate,2022-05-31T00:00:00,7.8,Monthly,UnitedStaYouUneRat,2022-06-03T13:03:00
United States,Youth Unemployment Rate,2022-06-30T00:00:00,8.1,Monthly,UnitedStaYouUneRat,2022-07-08T13:12:00
United States,Youth Unemployment Rate,2022-07-31T00:00:00,7.8,Monthly,UnitedStaYouUneRat,2022-09-02T12:49:00
United States,Youth Unemployment Rate,2022-08-31T00:00:00,8,Monthly,UnitedStaYouUneRat,2022-09-02T12:49:00
United States,Youth Unemployment Rate,2022-09-30T00:00:00,8.3,Monthly,UnitedStaYouUneRat,2022-10-07T12:47:00
United States,Youth Unemployment Rate,2022-10-31T00:00:00,8.1,Monthly,UnitedStaYouUneRat,2022-11-04T12:54:00
United States,Youth Unemployment Rate,2022-11-30T00:00:00,8.2,Monthly,UnitedStaYouUneRat,2022-12-02T13:38:00
